local_path,file_page_url,author,author_url,license,license_url,category,modifications
public/images/products/audio-electronics-001.jpg,https://m.media-amazon.com/image/I/51b1FTIxb4L.jpg,Amazon.com,https://amazon-berkeley-objects.s3.us-east-1.amazonaws.com/index.html,CC BY 4.0,https://creativecommons.org/licenses/by/4.0/,Audio & Electronics,downscaled by dataset; no further edits
public/images/products/audio-electronics-002.jpg,https://m.media-amazon.com/image/I/71kyHTjrXrL.jpg,Amazon.com,https://amazon-berkeley-objects.s3.us-east-1.amazonaws.com/index.html,CC BY 4.0,https://creativecommons.org/licenses/by/4.0/,Audio & Electronics,downscaled by dataset; no further edits
public/images/products/audio-electronics-003.jpg,https://m.media-amazon.com/image/I/51dW0MjEGwL.jpg,Amazon.com,https://amazon-berkeley-objects.s3.us-east-1.amazonaws.com/index.html,CC BY 4.0,https://creativecommons.org/licenses/by/4.0/,Audio & Electronics,downscaled by dataset; no further edits
public/images/products/audio-electronics-004.jpg,https://m.media-amazon.com/image/I/71hoeZHrwrL.jpg,Amazon.com,https://amazon-berkeley-objects.s3.us-east-1.amazonaws.com/index.html,CC BY 4.0,https://creativecommons.org/licenses/by/4.0/,Audio & Electronics,downscaled by dataset; no further edits
public/images/products/audio-electronics-005.jpg,https://m.media-amazon.com/image/I/71earDuf+3L.jpg,Amazon.com,https://amazon-berkeley-objects.s3.us-east-1.amazonaws.com/index.html,CC BY 4.0,https://creativecommons.org/licenses/by/4.0/,Audio & Electronics,downscaled by dataset; no further edits
public/images/products/audio-electronics-006.jpg,https://m.media-amazon.com/image/I/61PBf9R--HL.jpg,Amazon.com,https://amazon-berkeley-objects.s3.us-east-1.amazonaws.com/index.html,CC BY 4.0,https://creativecommons.org/licenses/by/4.0/,Audio & Electronics,downscaled by dataset; no further edits
public/images/products/audio-electronics-007.jpg,https://m.media-amazon.com/image/I/81eFOwkOhZL.jpg,Amazon.com,https://amazon-berkeley-objects.s3.us-east-1.amazonaws.com/index.html,CC BY 4.0,https://creativecommons.org/licenses/by/4.0/,Audio & Electronics,downscaled by dataset; no further edits
public/images/products/audio-electronics-008.jpg,https://m.media-amazon.com/image/I/81eu+GuuyJL.jpg,Amazon.com,https://amazon-berkeley-objects.s3.us-east-1.amazonaws.com/index.html,CC BY 4.0,https://creativecommons.org/licenses/by/4.0/,Audio & Electronics,downscaled by dataset; no further edits
public/images/products/audio-electronics-009.jpg,https://m.media-amazon.com/image/I/81IgEZEtZ7L.jpg,Amazon.com,https://amazon-berkeley-objects.s3.us-east-1.amazonaws.com/index.html,CC BY 4.0,https://creativecommons.org/licenses/by/4.0/,Audio & Electronics,downscaled by dataset; no further edits
public/images/products/audio-electronics-010.jpg,https://m.media-amazon.com/image/I/41me4qU-z1L.jpg,Amazon.com,https://amazon-berkeley-objects.s3.us-east-1.amazonaws.com/index.html,CC BY 4.0,https://creativecommons.org/licenses/by/4.0/,Audio & Electronics,downscaled by dataset; no further edits
public/images/products/audio-electronics-011.jpg,https://m.media-amazon.com/image/I/7154fJBJH8L.jpg,Amazon.com,https://amazon-berkeley-objects.s3.us-east-1.amazonaws.com/index.html,CC BY 4.0,https://creativecommons.org/licenses/by/4.0/,Audio & Electronics,downscaled by dataset; no further edits
public/images/products/audio-electronics-012.jpg,https://m.media-amazon.com/image/I/91KD1IW5TUL.jpg,Amazon.com,https://amazon-berkeley-objects.s3.us-east-1.amazonaws.com/index.html,CC BY 4.0,https://creativecommons.org/licenses/by/4.0/,Audio & Electronics,downscaled by dataset; no further edits
public/images/products/audio-electronics-013.jpg,https://m.media-amazon.com/image/I/61gjSBf48hL.jpg,Amazon.com,https://amazon-berkeley-objects.s3.us-east-1.amazonaws.com/index.html,CC BY 4.0,https://creativecommons.org/licenses/by/4.0/,Audio & Electronics,downscaled by dataset; no further edits
public/images/products/audio-electronics-014.jpg,https://m.media-amazon.com/image/I/41BpMwQGU9L.jpg,Amazon.com,https://amazon-berkeley-objects.s3.us-east-1.amazonaws.com/index.html,CC BY 4.0,https://creativecommons.org/licenses/by/4.0/,Audio & Electronics,downscaled by dataset; no further edits
public/images/products/audio-electronics-015.jpg,https://m.media-amazon.com/image/I/41py0TG4qnL.jpg,Amazon.com,https://amazon-berkeley-objects.s3.us-east-1.amazonaws.com/index.html,CC BY 4.0,https://creativecommons.org/licenses/by/4.0/,Audio & Electronics,downscaled by dataset; no further edits
public/images/products/audio-electronics-016.jpg,https://m.media-amazon.com/image/I/81eLMrjQ-jL.jpg,Amazon.com,https://amazon-berkeley-objects.s3.us-east-1.amazonaws.com/index.html,CC BY 4.0,https://creativecommons.org/licenses/by/4.0/,Audio & Electronics,downscaled by dataset; no further edits
public/images/products/audio-electronics-017.jpg,https://m.media-amazon.com/image/I/71Ze7cIG8wL.jpg,Amazon.com,https://amazon-berkeley-objects.s3.us-east-1.amazonaws.com/index.html,CC BY 4.0,https://creativecommons.org/licenses/by/4.0/,Audio & Electronics,downscaled by dataset; no further edits
public/images/products/audio-electronics-018.jpg,https://m.media-amazon.com/image/I/51Q+25BWpZL.jpg,Amazon.com,https://amazon-berkeley-objects.s3.us-east-1.amazonaws.com/index.html,CC BY 4.0,https://creativecommons.org/licenses/by/4.0/,Audio & Electronics,downscaled by dataset; no further edits
public/images/products/audio-electronics-019.jpg,https://m.media-amazon.com/image/I/619zDfTX8QL.jpg,Amazon.com,https://amazon-berkeley-objects.s3.us-east-1.amazonaws.com/index.html,CC BY 4.0,https://creativecommons.org/licenses/by/4.0/,Audio & Electronics,downscaled by dataset; no further edits
public/images/products/audio-electronics-020.jpg,https://m.media-amazon.com/image/I/81IEOd-7PxL.jpg,Amazon.com,https://amazon-berkeley-objects.s3.us-east-1.amazonaws.com/index.html,CC BY 4.0,https://creativecommons.org/licenses/by/4.0/,Audio & Electronics,downscaled by dataset; no further edits
public/images/products/audio-electronics-021.jpg,https://m.media-amazon.com/image/I/51skeEy+4hL.jpg,Amazon.com,https://amazon-berkeley-objects.s3.us-east-1.amazonaws.com/index.html,CC BY 4.0,https://creativecommons.org/licenses/by/4.0/,Audio & Electronics,downscaled by dataset; no further edits
public/images/products/audio-electronics-022.jpg,https://m.media-amazon.com/image/I/81ximKCX36L.jpg,Amazon.com,https://amazon-berkeley-objects.s3.us-east-1.amazonaws.com/index.html,CC BY 4.0,https://creativecommons.org/licenses/by/4.0/,Audio & Electronics,downscaled by dataset; no further edits
public/images/products/audio-electronics-023.jpg,https://m.media-amazon.com/image/I/51ppywF1WwL.jpg,Amazon.com,https://amazon-berkeley-objects.s3.us-east-1.amazonaws.com/index.html,CC BY 4.0,https://creativecommons.org/licenses/by/4.0/,Audio & Electronics,downscaled by dataset; no further edits
public/images/products/audio-electronics-024.jpg,https://m.media-amazon.com/image/I/91-7hgx7NhL.jpg,Amazon.com,https://amazon-berkeley-objects.s3.us-east-1.amazonaws.com/index.html,CC BY 4.0,https://creativecommons.org/licenses/by/4.0/,Audio & Electronics,downscaled by dataset; no further edits
public/images/products/audio-electronics-025.jpg,https://m.media-amazon.com/image/I/9150Qb9FTwL.jpg,Amazon.com,https://amazon-berkeley-objects.s3.us-east-1.amazonaws.com/index.html,CC BY 4.0,https://creativecommons.org/licenses/by/4.0/,Audio & Electronics,downscaled by dataset; no further edits
public/images/products/audio-electronics-026.jpg,https://m.media-amazon.com/image/I/81pRMof+mBL.jpg,Amazon.com,https://amazon-berkeley-objects.s3.us-east-1.amazonaws.com/index.html,CC BY 4.0,https://creativecommons.org/licenses/by/4.0/,Audio & Electronics,downscaled by dataset; no further edits
public/images/products/audio-electronics-027.jpg,https://m.media-amazon.com/image/I/51oMO5QxnKL.jpg,Amazon.com,https://amazon-berkeley-objects.s3.us-east-1.amazonaws.com/index.html,CC BY 4.0,https://creativecommons.org/licenses/by/4.0/,Audio & Electronics,downscaled by dataset; no further edits
public/images/products/audio-electronics-028.jpg,https://m.media-amazon.com/image/I/51w1V3YM6OL.jpg,Amazon.com,https://amazon-berkeley-objects.s3.us-east-1.amazonaws.com/index.html,CC BY 4.0,https://creativecommons.org/licenses/by/4.0/,Audio & Electronics,downscaled by dataset; no further edits
public/images/products/audio-electronics-029.jpg,https://m.media-amazon.com/image/I/51T370ODuYL.jpg,Amazon.com,https://amazon-berkeley-objects.s3.us-east-1.amazonaws.com/index.html,CC BY 4.0,https://creativecommons.org/licenses/by/4.0/,Audio & Electronics,downscaled by dataset; no further edits
public/images/products/audio-electronics-030.jpg,https://m.media-amazon.com/image/I/71ebaFUu9FL.jpg,Amazon.com,https://amazon-berkeley-objects.s3.us-east-1.amazonaws.com/index.html,CC BY 4.0,https://creativecommons.org/licenses/by/4.0/,Audio & Electronics,downscaled by dataset; no further edits
public/images/products/audio-electronics-031.jpg,https://m.media-amazon.com/image/I/61nMvDzWq0L.jpg,Amazon.com,https://amazon-berkeley-objects.s3.us-east-1.amazonaws.com/index.html,CC BY 4.0,https://creativecommons.org/licenses/by/4.0/,Audio & Electronics,downscaled by dataset; no further edits
public/images/products/audio-electronics-032.jpg,https://m.media-amazon.com/image/I/71W3gc0FdpL.jpg,Amazon.com,https://amazon-berkeley-objects.s3.us-east-1.amazonaws.com/index.html,CC BY 4.0,https://creativecommons.org/licenses/by/4.0/,Audio & Electronics,downscaled by dataset; no further edits
public/images/products/audio-electronics-033.jpg,https://m.media-amazon.com/image/I/61UGadurnLL.jpg,Amazon.com,https://amazon-berkeley-objects.s3.us-east-1.amazonaws.com/index.html,CC BY 4.0,https://creativecommons.org/licenses/by/4.0/,Audio & Electronics,downscaled by dataset; no further edits
public/images/products/audio-electronics-034.jpg,https://m.media-amazon.com/image/I/71hmHWATtEL.jpg,Amazon.com,https://amazon-berkeley-objects.s3.us-east-1.amazonaws.com/index.html,CC BY 4.0,https://creativecommons.org/licenses/by/4.0/,Audio & Electronics,downscaled by dataset; no further edits
public/images/products/audio-electronics-035.jpg,https://m.media-amazon.com/image/I/718-Ypd0-KL.jpg,Amazon.com,https://amazon-berkeley-objects.s3.us-east-1.amazonaws.com/index.html,CC BY 4.0,https://creativecommons.org/licenses/by/4.0/,Audio & Electronics,downscaled by dataset; no further edits
public/images/products/audio-electronics-036.jpg,https://m.media-amazon.com/image/I/81JJnnxXb8L.jpg,Amazon.com,https://amazon-berkeley-objects.s3.us-east-1.amazonaws.com/index.html,CC BY 4.0,https://creativecommons.org/licenses/by/4.0/,Audio & Electronics,downscaled by dataset; no further edits
public/images/products/audio-electronics-037.jpg,https://m.media-amazon.com/image/I/519DI-QyFCL.jpg,Amazon.com,https://amazon-berkeley-objects.s3.us-east-1.amazonaws.com/index.html,CC BY 4.0,https://creativecommons.org/licenses/by/4.0/,Audio & Electronics,downscaled by dataset; no further edits
public/images/products/audio-electronics-038.jpg,https://m.media-amazon.com/image/I/819RVkEBbtL.jpg,Amazon.com,https://amazon-berkeley-objects.s3.us-east-1.amazonaws.com/index.html,CC BY 4.0,https://creativecommons.org/licenses/by/4.0/,Audio & Electronics,downscaled by dataset; no further edits
public/images/products/audio-electronics-039.jpg,https://m.media-amazon.com/image/I/61mYHoEUAOL.jpg,Amazon.com,https://amazon-berkeley-objects.s3.us-east-1.amazonaws.com/index.html,CC BY 4.0,https://creativecommons.org/licenses/by/4.0/,Audio & Electronics,downscaled by dataset; no further edits
public/images/products/audio-electronics-040.jpg,https://m.media-amazon.com/image/I/81qfFTEcvqL.jpg,Amazon.com,https://amazon-berkeley-objects.s3.us-east-1.amazonaws.com/index.html,CC BY 4.0,https://creativecommons.org/licenses/by/4.0/,Audio & Electronics,downscaled by dataset; no further edits
public/images/products/audio-electronics-041.jpg,https://m.media-amazon.com/image/I/91IU3UnfaCL.jpg,Amazon.com,https://amazon-berkeley-objects.s3.us-east-1.amazonaws.com/index.html,CC BY 4.0,https://creativecommons.org/licenses/by/4.0/,Audio & Electronics,downscaled by dataset; no further edits
public/images/products/audio-electronics-042.jpg,https://m.media-amazon.com/image/I/711dIcH6JsL.jpg,Amazon.com,https://amazon-berkeley-objects.s3.us-east-1.amazonaws.com/index.html,CC BY 4.0,https://creativecommons.org/licenses/by/4.0/,Audio & Electronics,downscaled by dataset; no further edits
public/images/products/audio-electronics-043.jpg,https://m.media-amazon.com/image/I/81MuVqL3qbL.jpg,Amazon.com,https://amazon-berkeley-objects.s3.us-east-1.amazonaws.com/index.html,CC BY 4.0,https://creativecommons.org/licenses/by/4.0/,Audio & Electronics,downscaled by dataset; no further edits
public/images/products/audio-electronics-044.jpg,https://m.media-amazon.com/image/I/61NBWAdhjsL.jpg,Amazon.com,https://amazon-berkeley-objects.s3.us-east-1.amazonaws.com/index.html,CC BY 4.0,https://creativecommons.org/licenses/by/4.0/,Audio & Electronics,downscaled by dataset; no further edits
public/images/products/audio-electronics-045.jpg,https://m.media-amazon.com/image/I/91YlwfTyzWL.jpg,Amazon.com,https://amazon-berkeley-objects.s3.us-east-1.amazonaws.com/index.html,CC BY 4.0,https://creativecommons.org/licenses/by/4.0/,Audio & Electronics,downscaled by dataset; no further edits
public/images/products/audio-electronics-046.jpg,https://m.media-amazon.com/image/I/61YFnEK73rL.jpg,Amazon.com,https://amazon-berkeley-objects.s3.us-east-1.amazonaws.com/index.html,CC BY 4.0,https://creativecommons.org/licenses/by/4.0/,Audio & Electronics,downscaled by dataset; no further edits
public/images/products/audio-electronics-047.jpg,https://m.media-amazon.com/image/I/51mw6l-NAnL.jpg,Amazon.com,https://amazon-berkeley-objects.s3.us-east-1.amazonaws.com/index.html,CC BY 4.0,https://creativecommons.org/licenses/by/4.0/,Audio & Electronics,downscaled by dataset; no further edits
public/images/products/audio-electronics-048.jpg,https://m.media-amazon.com/image/I/51OcCYE+AZL.jpg,Amazon.com,https://amazon-berkeley-objects.s3.us-east-1.amazonaws.com/index.html,CC BY 4.0,https://creativecommons.org/licenses/by/4.0/,Audio & Electronics,downscaled by dataset; no further edits
public/images/products/audio-electronics-049.jpg,https://m.media-amazon.com/image/I/61Q9X5CAWKL.jpg,Amazon.com,https://amazon-berkeley-objects.s3.us-east-1.amazonaws.com/index.html,CC BY 4.0,https://creativecommons.org/licenses/by/4.0/,Audio & Electronics,downscaled by dataset; no further edits
public/images/products/audio-electronics-050.jpg,https://m.media-amazon.com/image/I/91CbEb08uYL.jpg,Amazon.com,https://amazon-berkeley-objects.s3.us-east-1.amazonaws.com/index.html,CC BY 4.0,https://creativecommons.org/licenses/by/4.0/,Audio & Electronics,downscaled by dataset; no further edits
public/images/products/audio-electronics-051.jpg,https://m.media-amazon.com/image/I/51vSa1m-+kL.jpg,Amazon.com,https://amazon-berkeley-objects.s3.us-east-1.amazonaws.com/index.html,CC BY 4.0,https://creativecommons.org/licenses/by/4.0/,Audio & Electronics,downscaled by dataset; no further edits
public/images/products/audio-electronics-052.jpg,https://m.media-amazon.com/image/I/71rr7OjqWqL.jpg,Amazon.com,https://amazon-berkeley-objects.s3.us-east-1.amazonaws.com/index.html,CC BY 4.0,https://creativecommons.org/licenses/by/4.0/,Audio & Electronics,downscaled by dataset; no further edits
public/images/products/audio-electronics-053.jpg,https://m.media-amazon.com/image/I/91kGGVFx2WL.jpg,Amazon.com,https://amazon-berkeley-objects.s3.us-east-1.amazonaws.com/index.html,CC BY 4.0,https://creativecommons.org/licenses/by/4.0/,Audio & Electronics,downscaled by dataset; no further edits
public/images/products/audio-electronics-054.jpg,https://m.media-amazon.com/image/I/51YZDhojTIL.jpg,Amazon.com,https://amazon-berkeley-objects.s3.us-east-1.amazonaws.com/index.html,CC BY 4.0,https://creativecommons.org/licenses/by/4.0/,Audio & Electronics,downscaled by dataset; no further edits
public/images/products/audio-electronics-055.jpg,https://m.media-amazon.com/image/I/61DV7z5--0L.jpg,Amazon.com,https://amazon-berkeley-objects.s3.us-east-1.amazonaws.com/index.html,CC BY 4.0,https://creativecommons.org/licenses/by/4.0/,Audio & Electronics,downscaled by dataset; no further edits
public/images/products/audio-electronics-056.jpg,https://m.media-amazon.com/image/I/61clMjMRZbL.jpg,Amazon.com,https://amazon-berkeley-objects.s3.us-east-1.amazonaws.com/index.html,CC BY 4.0,https://creativecommons.org/licenses/by/4.0/,Audio & Electronics,downscaled by dataset; no further edits
public/images/products/audio-electronics-057.jpg,https://m.media-amazon.com/image/I/41eMVW0gQVL.jpg,Amazon.com,https://amazon-berkeley-objects.s3.us-east-1.amazonaws.com/index.html,CC BY 4.0,https://creativecommons.org/licenses/by/4.0/,Audio & Electronics,downscaled by dataset; no further edits
public/images/products/audio-electronics-058.jpg,https://m.media-amazon.com/image/I/510RFYmMuqL.jpg,Amazon.com,https://amazon-berkeley-objects.s3.us-east-1.amazonaws.com/index.html,CC BY 4.0,https://creativecommons.org/licenses/by/4.0/,Audio & Electronics,downscaled by dataset; no further edits
public/images/products/audio-electronics-059.jpg,https://m.media-amazon.com/image/I/61iJX4Zu+OL.jpg,Amazon.com,https://amazon-berkeley-objects.s3.us-east-1.amazonaws.com/index.html,CC BY 4.0,https://creativecommons.org/licenses/by/4.0/,Audio & Electronics,downscaled by dataset; no further edits
public/images/products/audio-electronics-060.jpg,https://m.media-amazon.com/image/I/81HwyvL6R7L.jpg,Amazon.com,https://amazon-berkeley-objects.s3.us-east-1.amazonaws.com/index.html,CC BY 4.0,https://creativecommons.org/licenses/by/4.0/,Audio & Electronics,downscaled by dataset; no further edits
public/images/products/audio-electronics-061.jpg,https://m.media-amazon.com/image/I/512wgHr6NJL.jpg,Amazon.com,https://amazon-berkeley-objects.s3.us-east-1.amazonaws.com/index.html,CC BY 4.0,https://creativecommons.org/licenses/by/4.0/,Audio & Electronics,downscaled by dataset; no further edits
public/images/products/audio-electronics-062.jpg,https://m.media-amazon.com/image/I/81-laN8jpyL.jpg,Amazon.com,https://amazon-berkeley-objects.s3.us-east-1.amazonaws.com/index.html,CC BY 4.0,https://creativecommons.org/licenses/by/4.0/,Audio & Electronics,downscaled by dataset; no further edits
public/images/products/audio-electronics-063.jpg,https://m.media-amazon.com/image/I/71npjsaV7oL.jpg,Amazon.com,https://amazon-berkeley-objects.s3.us-east-1.amazonaws.com/index.html,CC BY 4.0,https://creativecommons.org/licenses/by/4.0/,Audio & Electronics,downscaled by dataset; no further edits
public/images/products/audio-electronics-064.jpg,https://m.media-amazon.com/image/I/51CjRBB7ndL.jpg,Amazon.com,https://amazon-berkeley-objects.s3.us-east-1.amazonaws.com/index.html,CC BY 4.0,https://creativecommons.org/licenses/by/4.0/,Audio & Electronics,downscaled by dataset; no further edits
public/images/products/audio-electronics-065.jpg,https://m.media-amazon.com/image/I/51oYqZAXBqL.jpg,Amazon.com,https://amazon-berkeley-objects.s3.us-east-1.amazonaws.com/index.html,CC BY 4.0,https://creativecommons.org/licenses/by/4.0/,Audio & Electronics,downscaled by dataset; no further edits
public/images/products/audio-electronics-066.jpg,https://m.media-amazon.com/image/I/71pjslo0-XL.jpg,Amazon.com,https://amazon-berkeley-objects.s3.us-east-1.amazonaws.com/index.html,CC BY 4.0,https://creativecommons.org/licenses/by/4.0/,Audio & Electronics,downscaled by dataset; no further edits
public/images/products/audio-electronics-067.jpg,https://m.media-amazon.com/image/I/518DNfmw-7L.jpg,Amazon.com,https://amazon-berkeley-objects.s3.us-east-1.amazonaws.com/index.html,CC BY 4.0,https://creativecommons.org/licenses/by/4.0/,Audio & Electronics,downscaled by dataset; no further edits
public/images/products/audio-electronics-068.jpg,https://m.media-amazon.com/image/I/71W6+Zom5RL.jpg,Amazon.com,https://amazon-berkeley-objects.s3.us-east-1.amazonaws.com/index.html,CC BY 4.0,https://creativecommons.org/licenses/by/4.0/,Audio & Electronics,downscaled by dataset; no further edits
public/images/products/audio-electronics-069.jpg,https://m.media-amazon.com/image/I/61bcD0XICoL.jpg,Amazon.com,https://amazon-berkeley-objects.s3.us-east-1.amazonaws.com/index.html,CC BY 4.0,https://creativecommons.org/licenses/by/4.0/,Audio & Electronics,downscaled by dataset; no further edits
public/images/products/audio-electronics-070.jpg,https://m.media-amazon.com/image/I/5129myMrfYL.jpg,Amazon.com,https://amazon-berkeley-objects.s3.us-east-1.amazonaws.com/index.html,CC BY 4.0,https://creativecommons.org/licenses/by/4.0/,Audio & Electronics,downscaled by dataset; no further edits
public/images/products/audio-electronics-071.jpg,https://m.media-amazon.com/image/I/51hsoyUO0pL.jpg,Amazon.com,https://amazon-berkeley-objects.s3.us-east-1.amazonaws.com/index.html,CC BY 4.0,https://creativecommons.org/licenses/by/4.0/,Audio & Electronics,downscaled by dataset; no further edits
public/images/products/audio-electronics-072.jpg,https://m.media-amazon.com/image/I/41fD2tDjPqL.jpg,Amazon.com,https://amazon-berkeley-objects.s3.us-east-1.amazonaws.com/index.html,CC BY 4.0,https://creativecommons.org/licenses/by/4.0/,Audio & Electronics,downscaled by dataset; no further edits
public/images/products/audio-electronics-073.jpg,https://m.media-amazon.com/image/I/81mg-dQ2smL.jpg,Amazon.com,https://amazon-berkeley-objects.s3.us-east-1.amazonaws.com/index.html,CC BY 4.0,https://creativecommons.org/licenses/by/4.0/,Audio & Electronics,downscaled by dataset; no further edits
public/images/products/audio-electronics-074.jpg,https://m.media-amazon.com/image/I/71-brRPzb4L.jpg,Amazon.com,https://amazon-berkeley-objects.s3.us-east-1.amazonaws.com/index.html,CC BY 4.0,https://creativecommons.org/licenses/by/4.0/,Audio & Electronics,downscaled by dataset; no further edits
public/images/products/audio-electronics-075.jpg,https://m.media-amazon.com/image/I/61ZfIHCurTL.jpg,Amazon.com,https://amazon-berkeley-objects.s3.us-east-1.amazonaws.com/index.html,CC BY 4.0,https://creativecommons.org/licenses/by/4.0/,Audio & Electronics,downscaled by dataset; no further edits
public/images/products/audio-electronics-076.jpg,https://m.media-amazon.com/image/I/61GIR0pA76L.jpg,Amazon.com,https://amazon-berkeley-objects.s3.us-east-1.amazonaws.com/index.html,CC BY 4.0,https://creativecommons.org/licenses/by/4.0/,Audio & Electronics,downscaled by dataset; no further edits
public/images/products/audio-electronics-077.jpg,https://m.media-amazon.com/image/I/31zMF9UebxL.jpg,Amazon.com,https://amazon-berkeley-objects.s3.us-east-1.amazonaws.com/index.html,CC BY 4.0,https://creativecommons.org/licenses/by/4.0/,Audio & Electronics,downscaled by dataset; no further edits
public/images/products/audio-electronics-078.jpg,https://m.media-amazon.com/image/I/61scUjh0pOL.jpg,Amazon.com,https://amazon-berkeley-objects.s3.us-east-1.amazonaws.com/index.html,CC BY 4.0,https://creativecommons.org/licenses/by/4.0/,Audio & Electronics,downscaled by dataset; no further edits
public/images/products/audio-electronics-079.jpg,https://m.media-amazon.com/image/I/71-ATby8ywL.jpg,Amazon.com,https://amazon-berkeley-objects.s3.us-east-1.amazonaws.com/index.html,CC BY 4.0,https://creativecommons.org/licenses/by/4.0/,Audio & Electronics,downscaled by dataset; no further edits
public/images/products/audio-electronics-080.jpg,https://m.media-amazon.com/image/I/91+muAb7TOL.jpg,Amazon.com,https://amazon-berkeley-objects.s3.us-east-1.amazonaws.com/index.html,CC BY 4.0,https://creativecommons.org/licenses/by/4.0/,Audio & Electronics,downscaled by dataset; no further edits
public/images/products/audio-electronics-081.jpg,https://m.media-amazon.com/image/I/716OXyIq+oL.jpg,Amazon.com,https://amazon-berkeley-objects.s3.us-east-1.amazonaws.com/index.html,CC BY 4.0,https://creativecommons.org/licenses/by/4.0/,Audio & Electronics,downscaled by dataset; no further edits
public/images/products/audio-electronics-082.jpg,https://m.media-amazon.com/image/I/61fxZEIVfjL.jpg,Amazon.com,https://amazon-berkeley-objects.s3.us-east-1.amazonaws.com/index.html,CC BY 4.0,https://creativecommons.org/licenses/by/4.0/,Audio & Electronics,downscaled by dataset; no further edits
public/images/products/audio-electronics-083.jpg,https://m.media-amazon.com/image/I/81RXMWfS7wL.jpg,Amazon.com,https://amazon-berkeley-objects.s3.us-east-1.amazonaws.com/index.html,CC BY 4.0,https://creativecommons.org/licenses/by/4.0/,Audio & Electronics,downscaled by dataset; no further edits
public/images/products/audio-electronics-084.jpg,https://m.media-amazon.com/image/I/51Is9UqjdNL.jpg,Amazon.com,https://amazon-berkeley-objects.s3.us-east-1.amazonaws.com/index.html,CC BY 4.0,https://creativecommons.org/licenses/by/4.0/,Audio & Electronics,downscaled by dataset; no further edits
public/images/products/audio-electronics-085.jpg,https://m.media-amazon.com/image/I/71lgRLsbMeL.jpg,Amazon.com,https://amazon-berkeley-objects.s3.us-east-1.amazonaws.com/index.html,CC BY 4.0,https://creativecommons.org/licenses/by/4.0/,Audio & Electronics,downscaled by dataset; no further edits
public/images/products/audio-electronics-086.jpg,https://m.media-amazon.com/image/I/51reFKQe03L.jpg,Amazon.com,https://amazon-berkeley-objects.s3.us-east-1.amazonaws.com/index.html,CC BY 4.0,https://creativecommons.org/licenses/by/4.0/,Audio & Electronics,downscaled by dataset; no further edits
public/images/products/audio-electronics-087.jpg,https://m.media-amazon.com/image/I/71pEFnpfjnL.jpg,Amazon.com,https://amazon-berkeley-objects.s3.us-east-1.amazonaws.com/index.html,CC BY 4.0,https://creativecommons.org/licenses/by/4.0/,Audio & Electronics,downscaled by dataset; no further edits
public/images/products/audio-electronics-088.jpg,https://m.media-amazon.com/image/I/51yTX2dxzUL.jpg,Amazon.com,https://amazon-berkeley-objects.s3.us-east-1.amazonaws.com/index.html,CC BY 4.0,https://creativecommons.org/licenses/by/4.0/,Audio & Electronics,downscaled by dataset; no further edits
public/images/products/audio-electronics-089.jpg,https://m.media-amazon.com/image/I/71kXD948qML.jpg,Amazon.com,https://amazon-berkeley-objects.s3.us-east-1.amazonaws.com/index.html,CC BY 4.0,https://creativecommons.org/licenses/by/4.0/,Audio & Electronics,downscaled by dataset; no further edits
public/images/products/audio-electronics-090.jpg,https://m.media-amazon.com/image/I/91Qr45nRJAL.jpg,Amazon.com,https://amazon-berkeley-objects.s3.us-east-1.amazonaws.com/index.html,CC BY 4.0,https://creativecommons.org/licenses/by/4.0/,Audio & Electronics,downscaled by dataset; no further edits
public/images/products/audio-electronics-091.jpg,https://m.media-amazon.com/image/I/51lBeZ3T5UL.jpg,Amazon.com,https://amazon-berkeley-objects.s3.us-east-1.amazonaws.com/index.html,CC BY 4.0,https://creativecommons.org/licenses/by/4.0/,Audio & Electronics,downscaled by dataset; no further edits
public/images/products/audio-electronics-092.jpg,https://m.media-amazon.com/image/I/71+hp0Df5KL.jpg,Amazon.com,https://amazon-berkeley-objects.s3.us-east-1.amazonaws.com/index.html,CC BY 4.0,https://creativecommons.org/licenses/by/4.0/,Audio & Electronics,downscaled by dataset; no further edits
public/images/products/audio-electronics-093.jpg,https://m.media-amazon.com/image/I/41mV8VqF3nL.jpg,Amazon.com,https://amazon-berkeley-objects.s3.us-east-1.amazonaws.com/index.html,CC BY 4.0,https://creativecommons.org/licenses/by/4.0/,Audio & Electronics,downscaled by dataset; no further edits
public/images/products/audio-electronics-094.jpg,https://m.media-amazon.com/image/I/71zxXsP-o2L.jpg,Amazon.com,https://amazon-berkeley-objects.s3.us-east-1.amazonaws.com/index.html,CC BY 4.0,https://creativecommons.org/licenses/by/4.0/,Audio & Electronics,downscaled by dataset; no further edits
public/images/products/audio-electronics-095.jpg,https://m.media-amazon.com/image/I/61MA4G48BrL.jpg,Amazon.com,https://amazon-berkeley-objects.s3.us-east-1.amazonaws.com/index.html,CC BY 4.0,https://creativecommons.org/licenses/by/4.0/,Audio & Electronics,downscaled by dataset; no further edits
public/images/products/audio-electronics-096.jpg,https://m.media-amazon.com/image/I/8184TH58I9L.jpg,Amazon.com,https://amazon-berkeley-objects.s3.us-east-1.amazonaws.com/index.html,CC BY 4.0,https://creativecommons.org/licenses/by/4.0/,Audio & Electronics,downscaled by dataset; no further edits
public/images/products/audio-electronics-097.jpg,https://m.media-amazon.com/image/I/41YRaEppRUL.jpg,Amazon.com,https://amazon-berkeley-objects.s3.us-east-1.amazonaws.com/index.html,CC BY 4.0,https://creativecommons.org/licenses/by/4.0/,Audio & Electronics,downscaled by dataset; no further edits
public/images/products/audio-electronics-098.jpg,https://m.media-amazon.com/image/I/41OsSBAmVjL.jpg,Amazon.com,https://amazon-berkeley-objects.s3.us-east-1.amazonaws.com/index.html,CC BY 4.0,https://creativecommons.org/licenses/by/4.0/,Audio & Electronics,downscaled by dataset; no further edits
public/images/products/audio-electronics-099.jpg,https://m.media-amazon.com/image/I/51C1jrTGdeL.jpg,Amazon.com,https://amazon-berkeley-objects.s3.us-east-1.amazonaws.com/index.html,CC BY 4.0,https://creativecommons.org/licenses/by/4.0/,Audio & Electronics,downscaled by dataset; no further edits
public/images/products/audio-electronics-100.jpg,https://m.media-amazon.com/image/I/519wkmOsnML.jpg,Amazon.com,https://amazon-berkeley-objects.s3.us-east-1.amazonaws.com/index.html,CC BY 4.0,https://creativecommons.org/licenses/by/4.0/,Audio & Electronics,downscaled by dataset; no further edits
public/images/products/bedding-textiles-001.jpg,https://m.media-amazon.com/image/I/71gsJi5M-cL.jpg,Amazon.com,https://amazon-berkeley-objects.s3.us-east-1.amazonaws.com/index.html,CC BY 4.0,https://creativecommons.org/licenses/by/4.0/,Bedding & Textiles,downscaled by dataset; no further edits
public/images/products/bedding-textiles-002.jpg,https://m.media-amazon.com/image/I/41Awp3RsodL.jpg,Amazon.com,https://amazon-berkeley-objects.s3.us-east-1.amazonaws.com/index.html,CC BY 4.0,https://creativecommons.org/licenses/by/4.0/,Bedding & Textiles,downscaled by dataset; no further edits
public/images/products/bedding-textiles-003.jpg,https://m.media-amazon.com/image/I/91jb08nas1L.jpg,Amazon.com,https://amazon-berkeley-objects.s3.us-east-1.amazonaws.com/index.html,CC BY 4.0,https://creativecommons.org/licenses/by/4.0/,Bedding & Textiles,downscaled by dataset; no further edits
public/images/products/bedding-textiles-004.jpg,https://m.media-amazon.com/image/I/71JryAghqiL.jpg,Amazon.com,https://amazon-berkeley-objects.s3.us-east-1.amazonaws.com/index.html,CC BY 4.0,https://creativecommons.org/licenses/by/4.0/,Bedding & Textiles,downscaled by dataset; no further edits
public/images/products/bedding-textiles-005.jpg,https://m.media-amazon.com/image/I/91AdDtLbd2L.jpg,Amazon.com,https://amazon-berkeley-objects.s3.us-east-1.amazonaws.com/index.html,CC BY 4.0,https://creativecommons.org/licenses/by/4.0/,Bedding & Textiles,downscaled by dataset; no further edits
public/images/products/bedding-textiles-006.jpg,https://m.media-amazon.com/image/I/71UTDnRTl5L.jpg,Amazon.com,https://amazon-berkeley-objects.s3.us-east-1.amazonaws.com/index.html,CC BY 4.0,https://creativecommons.org/licenses/by/4.0/,Bedding & Textiles,downscaled by dataset; no further edits
public/images/products/bedding-textiles-007.jpg,https://m.media-amazon.com/image/I/71M+aT9YAmL.jpg,Amazon.com,https://amazon-berkeley-objects.s3.us-east-1.amazonaws.com/index.html,CC BY 4.0,https://creativecommons.org/licenses/by/4.0/,Bedding & Textiles,downscaled by dataset; no further edits
public/images/products/bedding-textiles-008.jpg,https://m.media-amazon.com/image/I/91GVqOVt86L.jpg,Amazon.com,https://amazon-berkeley-objects.s3.us-east-1.amazonaws.com/index.html,CC BY 4.0,https://creativecommons.org/licenses/by/4.0/,Bedding & Textiles,downscaled by dataset; no further edits
public/images/products/bedding-textiles-009.jpg,https://m.media-amazon.com/image/I/41I0F49A1HL.jpg,Amazon.com,https://amazon-berkeley-objects.s3.us-east-1.amazonaws.com/index.html,CC BY 4.0,https://creativecommons.org/licenses/by/4.0/,Bedding & Textiles,downscaled by dataset; no further edits
public/images/products/bedding-textiles-010.jpg,https://m.media-amazon.com/image/I/31u8vhn6baL.jpg,Amazon.com,https://amazon-berkeley-objects.s3.us-east-1.amazonaws.com/index.html,CC BY 4.0,https://creativecommons.org/licenses/by/4.0/,Bedding & Textiles,downscaled by dataset; no further edits
public/images/products/bedding-textiles-011.jpg,https://m.media-amazon.com/image/I/91-oAG30-BL.jpg,Amazon.com,https://amazon-berkeley-objects.s3.us-east-1.amazonaws.com/index.html,CC BY 4.0,https://creativecommons.org/licenses/by/4.0/,Bedding & Textiles,downscaled by dataset; no further edits
public/images/products/bedding-textiles-012.jpg,https://m.media-amazon.com/image/I/41G7TRywTnL.jpg,Amazon.com,https://amazon-berkeley-objects.s3.us-east-1.amazonaws.com/index.html,CC BY 4.0,https://creativecommons.org/licenses/by/4.0/,Bedding & Textiles,downscaled by dataset; no further edits
public/images/products/bedding-textiles-013.jpg,https://m.media-amazon.com/image/I/31W3ue43GDL.jpg,Amazon.com,https://amazon-berkeley-objects.s3.us-east-1.amazonaws.com/index.html,CC BY 4.0,https://creativecommons.org/licenses/by/4.0/,Bedding & Textiles,downscaled by dataset; no further edits
public/images/products/bedding-textiles-014.jpg,https://m.media-amazon.com/image/I/31nGc0DEDXL.jpg,Amazon.com,https://amazon-berkeley-objects.s3.us-east-1.amazonaws.com/index.html,CC BY 4.0,https://creativecommons.org/licenses/by/4.0/,Bedding & Textiles,downscaled by dataset; no further edits
public/images/products/bedding-textiles-015.jpg,https://m.media-amazon.com/image/I/81JGjB-yhQL.jpg,Amazon.com,https://amazon-berkeley-objects.s3.us-east-1.amazonaws.com/index.html,CC BY 4.0,https://creativecommons.org/licenses/by/4.0/,Bedding & Textiles,downscaled by dataset; no further edits
public/images/products/bedding-textiles-016.jpg,https://m.media-amazon.com/image/I/A1sMl1fQ4rL.jpg,Amazon.com,https://amazon-berkeley-objects.s3.us-east-1.amazonaws.com/index.html,CC BY 4.0,https://creativecommons.org/licenses/by/4.0/,Bedding & Textiles,downscaled by dataset; no further edits
public/images/products/bedding-textiles-017.jpg,https://m.media-amazon.com/image/I/511Pzw2BBZL.jpg,Amazon.com,https://amazon-berkeley-objects.s3.us-east-1.amazonaws.com/index.html,CC BY 4.0,https://creativecommons.org/licenses/by/4.0/,Bedding & Textiles,downscaled by dataset; no further edits
public/images/products/bedding-textiles-018.jpg,https://m.media-amazon.com/image/I/31VhEHz8CmL.jpg,Amazon.com,https://amazon-berkeley-objects.s3.us-east-1.amazonaws.com/index.html,CC BY 4.0,https://creativecommons.org/licenses/by/4.0/,Bedding & Textiles,downscaled by dataset; no further edits
public/images/products/bedding-textiles-019.jpg,https://m.media-amazon.com/image/I/511qHL9HJ1L.jpg,Amazon.com,https://amazon-berkeley-objects.s3.us-east-1.amazonaws.com/index.html,CC BY 4.0,https://creativecommons.org/licenses/by/4.0/,Bedding & Textiles,downscaled by dataset; no further edits
public/images/products/bedding-textiles-020.jpg,https://m.media-amazon.com/image/I/31+y+X6lqGL.jpg,Amazon.com,https://amazon-berkeley-objects.s3.us-east-1.amazonaws.com/index.html,CC BY 4.0,https://creativecommons.org/licenses/by/4.0/,Bedding & Textiles,downscaled by dataset; no further edits
public/images/products/bedding-textiles-021.jpg,https://m.media-amazon.com/image/I/A1vT6m-hkaL.jpg,Amazon.com,https://amazon-berkeley-objects.s3.us-east-1.amazonaws.com/index.html,CC BY 4.0,https://creativecommons.org/licenses/by/4.0/,Bedding & Textiles,downscaled by dataset; no further edits
public/images/products/bedding-textiles-022.jpg,https://m.media-amazon.com/image/I/A1tNSA+WFCL.jpg,Amazon.com,https://amazon-berkeley-objects.s3.us-east-1.amazonaws.com/index.html,CC BY 4.0,https://creativecommons.org/licenses/by/4.0/,Bedding & Textiles,downscaled by dataset; no further edits
public/images/products/bedding-textiles-023.jpg,https://m.media-amazon.com/image/I/912XNDpWk3L.jpg,Amazon.com,https://amazon-berkeley-objects.s3.us-east-1.amazonaws.com/index.html,CC BY 4.0,https://creativecommons.org/licenses/by/4.0/,Bedding & Textiles,downscaled by dataset; no further edits
public/images/products/bedding-textiles-024.jpg,https://m.media-amazon.com/image/I/510tby7pFBL.jpg,Amazon.com,https://amazon-berkeley-objects.s3.us-east-1.amazonaws.com/index.html,CC BY 4.0,https://creativecommons.org/licenses/by/4.0/,Bedding & Textiles,downscaled by dataset; no further edits
public/images/products/bedding-textiles-025.jpg,https://m.media-amazon.com/image/I/71VRY+Wtg-L.jpg,Amazon.com,https://amazon-berkeley-objects.s3.us-east-1.amazonaws.com/index.html,CC BY 4.0,https://creativecommons.org/licenses/by/4.0/,Bedding & Textiles,downscaled by dataset; no further edits
public/images/products/bedding-textiles-026.jpg,https://m.media-amazon.com/image/I/71hOZQAvM5L.jpg,Amazon.com,https://amazon-berkeley-objects.s3.us-east-1.amazonaws.com/index.html,CC BY 4.0,https://creativecommons.org/licenses/by/4.0/,Bedding & Textiles,downscaled by dataset; no further edits
public/images/products/bedding-textiles-027.jpg,https://m.media-amazon.com/image/I/A1O9OmPIfiL.jpg,Amazon.com,https://amazon-berkeley-objects.s3.us-east-1.amazonaws.com/index.html,CC BY 4.0,https://creativecommons.org/licenses/by/4.0/,Bedding & Textiles,downscaled by dataset; no further edits
public/images/products/bedding-textiles-028.jpg,https://m.media-amazon.com/image/I/31vwDgGVUBL.jpg,Amazon.com,https://amazon-berkeley-objects.s3.us-east-1.amazonaws.com/index.html,CC BY 4.0,https://creativecommons.org/licenses/by/4.0/,Bedding & Textiles,downscaled by dataset; no further edits
public/images/products/bedding-textiles-029.jpg,https://m.media-amazon.com/image/I/71xA-V9ebyL.jpg,Amazon.com,https://amazon-berkeley-objects.s3.us-east-1.amazonaws.com/index.html,CC BY 4.0,https://creativecommons.org/licenses/by/4.0/,Bedding & Textiles,downscaled by dataset; no further edits
public/images/products/bedding-textiles-030.jpg,https://m.media-amazon.com/image/I/71sOFRLwGYL.jpg,Amazon.com,https://amazon-berkeley-objects.s3.us-east-1.amazonaws.com/index.html,CC BY 4.0,https://creativecommons.org/licenses/by/4.0/,Bedding & Textiles,downscaled by dataset; no further edits
public/images/products/bedding-textiles-031.jpg,https://m.media-amazon.com/image/I/61lrKbyQouL.jpg,Amazon.com,https://amazon-berkeley-objects.s3.us-east-1.amazonaws.com/index.html,CC BY 4.0,https://creativecommons.org/licenses/by/4.0/,Bedding & Textiles,downscaled by dataset; no further edits
public/images/products/bedding-textiles-032.jpg,https://m.media-amazon.com/image/I/31POhIaF9tL.jpg,Amazon.com,https://amazon-berkeley-objects.s3.us-east-1.amazonaws.com/index.html,CC BY 4.0,https://creativecommons.org/licenses/by/4.0/,Bedding & Textiles,downscaled by dataset; no further edits
public/images/products/bedding-textiles-033.jpg,https://m.media-amazon.com/image/I/417xX7ZFp1L.jpg,Amazon.com,https://amazon-berkeley-objects.s3.us-east-1.amazonaws.com/index.html,CC BY 4.0,https://creativecommons.org/licenses/by/4.0/,Bedding & Textiles,downscaled by dataset; no further edits
public/images/products/bedding-textiles-034.jpg,https://m.media-amazon.com/image/I/81XQiTQS1vL.jpg,Amazon.com,https://amazon-berkeley-objects.s3.us-east-1.amazonaws.com/index.html,CC BY 4.0,https://creativecommons.org/licenses/by/4.0/,Bedding & Textiles,downscaled by dataset; no further edits
public/images/products/bedding-textiles-035.jpg,https://m.media-amazon.com/image/I/81kR1Cn7a1L.jpg,Amazon.com,https://amazon-berkeley-objects.s3.us-east-1.amazonaws.com/index.html,CC BY 4.0,https://creativecommons.org/licenses/by/4.0/,Bedding & Textiles,downscaled by dataset; no further edits
public/images/products/bedding-textiles-036.jpg,https://m.media-amazon.com/image/I/51EVgwac+5L.jpg,Amazon.com,https://amazon-berkeley-objects.s3.us-east-1.amazonaws.com/index.html,CC BY 4.0,https://creativecommons.org/licenses/by/4.0/,Bedding & Textiles,downscaled by dataset; no further edits
public/images/products/bedding-textiles-037.jpg,https://m.media-amazon.com/image/I/91zfVm02bbL.jpg,Amazon.com,https://amazon-berkeley-objects.s3.us-east-1.amazonaws.com/index.html,CC BY 4.0,https://creativecommons.org/licenses/by/4.0/,Bedding & Textiles,downscaled by dataset; no further edits
public/images/products/bedding-textiles-038.jpg,https://m.media-amazon.com/image/I/91PaU1b96DL.jpg,Amazon.com,https://amazon-berkeley-objects.s3.us-east-1.amazonaws.com/index.html,CC BY 4.0,https://creativecommons.org/licenses/by/4.0/,Bedding & Textiles,downscaled by dataset; no further edits
public/images/products/bedding-textiles-039.jpg,https://m.media-amazon.com/image/I/51pWkkKIdkL.jpg,Amazon.com,https://amazon-berkeley-objects.s3.us-east-1.amazonaws.com/index.html,CC BY 4.0,https://creativecommons.org/licenses/by/4.0/,Bedding & Textiles,downscaled by dataset; no further edits
public/images/products/bedding-textiles-040.jpg,https://m.media-amazon.com/image/I/81g-6FhM7AL.jpg,Amazon.com,https://amazon-berkeley-objects.s3.us-east-1.amazonaws.com/index.html,CC BY 4.0,https://creativecommons.org/licenses/by/4.0/,Bedding & Textiles,downscaled by dataset; no further edits
public/images/products/bedding-textiles-041.jpg,https://m.media-amazon.com/image/I/81M40OD1fgL.jpg,Amazon.com,https://amazon-berkeley-objects.s3.us-east-1.amazonaws.com/index.html,CC BY 4.0,https://creativecommons.org/licenses/by/4.0/,Bedding & Textiles,downscaled by dataset; no further edits
public/images/products/bedding-textiles-042.jpg,https://m.media-amazon.com/image/I/81e49c+F7JL.jpg,Amazon.com,https://amazon-berkeley-objects.s3.us-east-1.amazonaws.com/index.html,CC BY 4.0,https://creativecommons.org/licenses/by/4.0/,Bedding & Textiles,downscaled by dataset; no further edits
public/images/products/bedding-textiles-043.jpg,https://m.media-amazon.com/image/I/81odoIqRaGL.jpg,Amazon.com,https://amazon-berkeley-objects.s3.us-east-1.amazonaws.com/index.html,CC BY 4.0,https://creativecommons.org/licenses/by/4.0/,Bedding & Textiles,downscaled by dataset; no further edits
public/images/products/bedding-textiles-044.jpg,https://m.media-amazon.com/image/I/51xJNIsu3-L.jpg,Amazon.com,https://amazon-berkeley-objects.s3.us-east-1.amazonaws.com/index.html,CC BY 4.0,https://creativecommons.org/licenses/by/4.0/,Bedding & Textiles,downscaled by dataset; no further edits
public/images/products/bedding-textiles-045.jpg,https://m.media-amazon.com/image/I/91ftqi37NsL.jpg,Amazon.com,https://amazon-berkeley-objects.s3.us-east-1.amazonaws.com/index.html,CC BY 4.0,https://creativecommons.org/licenses/by/4.0/,Bedding & Textiles,downscaled by dataset; no further edits
public/images/products/bedding-textiles-046.jpg,https://m.media-amazon.com/image/I/91fcDacuI8L.jpg,Amazon.com,https://amazon-berkeley-objects.s3.us-east-1.amazonaws.com/index.html,CC BY 4.0,https://creativecommons.org/licenses/by/4.0/,Bedding & Textiles,downscaled by dataset; no further edits
public/images/products/bedding-textiles-047.jpg,https://m.media-amazon.com/image/I/51smSrVP-IL.jpg,Amazon.com,https://amazon-berkeley-objects.s3.us-east-1.amazonaws.com/index.html,CC BY 4.0,https://creativecommons.org/licenses/by/4.0/,Bedding & Textiles,downscaled by dataset; no further edits
public/images/products/bedding-textiles-048.jpg,https://m.media-amazon.com/image/I/61hFZ9ca3yL.jpg,Amazon.com,https://amazon-berkeley-objects.s3.us-east-1.amazonaws.com/index.html,CC BY 4.0,https://creativecommons.org/licenses/by/4.0/,Bedding & Textiles,downscaled by dataset; no further edits
public/images/products/bedding-textiles-049.jpg,https://m.media-amazon.com/image/I/91iTEOycQeL.jpg,Amazon.com,https://amazon-berkeley-objects.s3.us-east-1.amazonaws.com/index.html,CC BY 4.0,https://creativecommons.org/licenses/by/4.0/,Bedding & Textiles,downscaled by dataset; no further edits
public/images/products/bedding-textiles-050.jpg,https://m.media-amazon.com/image/I/71JMX24kJQL.jpg,Amazon.com,https://amazon-berkeley-objects.s3.us-east-1.amazonaws.com/index.html,CC BY 4.0,https://creativecommons.org/licenses/by/4.0/,Bedding & Textiles,downscaled by dataset; no further edits
public/images/products/bedding-textiles-051.jpg,https://m.media-amazon.com/image/I/917eJnlKwxL.jpg,Amazon.com,https://amazon-berkeley-objects.s3.us-east-1.amazonaws.com/index.html,CC BY 4.0,https://creativecommons.org/licenses/by/4.0/,Bedding & Textiles,downscaled by dataset; no further edits
public/images/products/bedding-textiles-052.jpg,https://m.media-amazon.com/image/I/41U3BMJs0fL.jpg,Amazon.com,https://amazon-berkeley-objects.s3.us-east-1.amazonaws.com/index.html,CC BY 4.0,https://creativecommons.org/licenses/by/4.0/,Bedding & Textiles,downscaled by dataset; no further edits
public/images/products/bedding-textiles-053.jpg,https://m.media-amazon.com/image/I/81K3wo0kgEL.jpg,Amazon.com,https://amazon-berkeley-objects.s3.us-east-1.amazonaws.com/index.html,CC BY 4.0,https://creativecommons.org/licenses/by/4.0/,Bedding & Textiles,downscaled by dataset; no further edits
public/images/products/bedding-textiles-054.jpg,https://m.media-amazon.com/image/I/910hF2lYvjL.jpg,Amazon.com,https://amazon-berkeley-objects.s3.us-east-1.amazonaws.com/index.html,CC BY 4.0,https://creativecommons.org/licenses/by/4.0/,Bedding & Textiles,downscaled by dataset; no further edits
public/images/products/bedding-textiles-055.jpg,https://m.media-amazon.com/image/I/41JdYdGdCoL.jpg,Amazon.com,https://amazon-berkeley-objects.s3.us-east-1.amazonaws.com/index.html,CC BY 4.0,https://creativecommons.org/licenses/by/4.0/,Bedding & Textiles,downscaled by dataset; no further edits
public/images/products/bedding-textiles-056.jpg,https://m.media-amazon.com/image/I/41WmsALxFGL.jpg,Amazon.com,https://amazon-berkeley-objects.s3.us-east-1.amazonaws.com/index.html,CC BY 4.0,https://creativecommons.org/licenses/by/4.0/,Bedding & Textiles,downscaled by dataset; no further edits
public/images/products/bedding-textiles-057.jpg,https://m.media-amazon.com/image/I/51uOMmLICuL.jpg,Amazon.com,https://amazon-berkeley-objects.s3.us-east-1.amazonaws.com/index.html,CC BY 4.0,https://creativecommons.org/licenses/by/4.0/,Bedding & Textiles,downscaled by dataset; no further edits
public/images/products/bedding-textiles-058.jpg,https://m.media-amazon.com/image/I/81KK0LE9h+L.jpg,Amazon.com,https://amazon-berkeley-objects.s3.us-east-1.amazonaws.com/index.html,CC BY 4.0,https://creativecommons.org/licenses/by/4.0/,Bedding & Textiles,downscaled by dataset; no further edits
public/images/products/bedding-textiles-059.jpg,https://m.media-amazon.com/image/I/A1pK4rpiveL.jpg,Amazon.com,https://amazon-berkeley-objects.s3.us-east-1.amazonaws.com/index.html,CC BY 4.0,https://creativecommons.org/licenses/by/4.0/,Bedding & Textiles,downscaled by dataset; no further edits
public/images/products/bedding-textiles-060.jpg,https://m.media-amazon.com/image/I/A1RUHEuhc2L.jpg,Amazon.com,https://amazon-berkeley-objects.s3.us-east-1.amazonaws.com/index.html,CC BY 4.0,https://creativecommons.org/licenses/by/4.0/,Bedding & Textiles,downscaled by dataset; no further edits
public/images/products/bedding-textiles-061.jpg,https://m.media-amazon.com/image/I/712GNrXeYGL.jpg,Amazon.com,https://amazon-berkeley-objects.s3.us-east-1.amazonaws.com/index.html,CC BY 4.0,https://creativecommons.org/licenses/by/4.0/,Bedding & Textiles,downscaled by dataset; no further edits
public/images/products/bedding-textiles-062.jpg,https://m.media-amazon.com/image/I/A1IMx6mMiOL.jpg,Amazon.com,https://amazon-berkeley-objects.s3.us-east-1.amazonaws.com/index.html,CC BY 4.0,https://creativecommons.org/licenses/by/4.0/,Bedding & Textiles,downscaled by dataset; no further edits
public/images/products/bedding-textiles-063.jpg,https://m.media-amazon.com/image/I/A16PfQZjP8L.jpg,Amazon.com,https://amazon-berkeley-objects.s3.us-east-1.amazonaws.com/index.html,CC BY 4.0,https://creativecommons.org/licenses/by/4.0/,Bedding & Textiles,downscaled by dataset; no further edits
public/images/products/bedding-textiles-064.jpg,https://m.media-amazon.com/image/I/81aXGJfnqUL.jpg,Amazon.com,https://amazon-berkeley-objects.s3.us-east-1.amazonaws.com/index.html,CC BY 4.0,https://creativecommons.org/licenses/by/4.0/,Bedding & Textiles,downscaled by dataset; no further edits
public/images/products/bedding-textiles-065.jpg,https://m.media-amazon.com/image/I/717xjh9fuoL.jpg,Amazon.com,https://amazon-berkeley-objects.s3.us-east-1.amazonaws.com/index.html,CC BY 4.0,https://creativecommons.org/licenses/by/4.0/,Bedding & Textiles,downscaled by dataset; no further edits
public/images/products/bedding-textiles-066.jpg,https://m.media-amazon.com/image/I/41XdRdh4PnL.jpg,Amazon.com,https://amazon-berkeley-objects.s3.us-east-1.amazonaws.com/index.html,CC BY 4.0,https://creativecommons.org/licenses/by/4.0/,Bedding & Textiles,downscaled by dataset; no further edits
public/images/products/bedding-textiles-067.jpg,https://m.media-amazon.com/image/I/51NZ6KzVhiL.jpg,Amazon.com,https://amazon-berkeley-objects.s3.us-east-1.amazonaws.com/index.html,CC BY 4.0,https://creativecommons.org/licenses/by/4.0/,Bedding & Textiles,downscaled by dataset; no further edits
public/images/products/bedding-textiles-068.jpg,https://m.media-amazon.com/image/I/A1g-EW59E9L.jpg,Amazon.com,https://amazon-berkeley-objects.s3.us-east-1.amazonaws.com/index.html,CC BY 4.0,https://creativecommons.org/licenses/by/4.0/,Bedding & Textiles,downscaled by dataset; no further edits
public/images/products/bedding-textiles-069.jpg,https://m.media-amazon.com/image/I/81Ytle83MXL.jpg,Amazon.com,https://amazon-berkeley-objects.s3.us-east-1.amazonaws.com/index.html,CC BY 4.0,https://creativecommons.org/licenses/by/4.0/,Bedding & Textiles,downscaled by dataset; no further edits
public/images/products/bedding-textiles-070.jpg,https://m.media-amazon.com/image/I/A1Ws9+dOLXL.jpg,Amazon.com,https://amazon-berkeley-objects.s3.us-east-1.amazonaws.com/index.html,CC BY 4.0,https://creativecommons.org/licenses/by/4.0/,Bedding & Textiles,downscaled by dataset; no further edits
public/images/products/bedding-textiles-071.jpg,https://m.media-amazon.com/image/I/A1yV5sw3vuL.jpg,Amazon.com,https://amazon-berkeley-objects.s3.us-east-1.amazonaws.com/index.html,CC BY 4.0,https://creativecommons.org/licenses/by/4.0/,Bedding & Textiles,downscaled by dataset; no further edits
public/images/products/bedding-textiles-072.jpg,https://m.media-amazon.com/image/I/91rdOV0geaL.jpg,Amazon.com,https://amazon-berkeley-objects.s3.us-east-1.amazonaws.com/index.html,CC BY 4.0,https://creativecommons.org/licenses/by/4.0/,Bedding & Textiles,downscaled by dataset; no further edits
public/images/products/bedding-textiles-073.jpg,https://m.media-amazon.com/image/I/41MWp9kUwkL.jpg,Amazon.com,https://amazon-berkeley-objects.s3.us-east-1.amazonaws.com/index.html,CC BY 4.0,https://creativecommons.org/licenses/by/4.0/,Bedding & Textiles,downscaled by dataset; no further edits
public/images/products/bedding-textiles-074.jpg,https://m.media-amazon.com/image/I/91v0gEmqbRL.jpg,Amazon.com,https://amazon-berkeley-objects.s3.us-east-1.amazonaws.com/index.html,CC BY 4.0,https://creativecommons.org/licenses/by/4.0/,Bedding & Textiles,downscaled by dataset; no further edits
public/images/products/bedding-textiles-075.jpg,https://m.media-amazon.com/image/I/91fz2EaShOL.jpg,Amazon.com,https://amazon-berkeley-objects.s3.us-east-1.amazonaws.com/index.html,CC BY 4.0,https://creativecommons.org/licenses/by/4.0/,Bedding & Textiles,downscaled by dataset; no further edits
public/images/products/bedding-textiles-076.jpg,https://m.media-amazon.com/image/I/41hzMw+O9KL.jpg,Amazon.com,https://amazon-berkeley-objects.s3.us-east-1.amazonaws.com/index.html,CC BY 4.0,https://creativecommons.org/licenses/by/4.0/,Bedding & Textiles,downscaled by dataset; no further edits
public/images/products/bedding-textiles-077.jpg,https://m.media-amazon.com/image/I/910vM3h8k5L.jpg,Amazon.com,https://amazon-berkeley-objects.s3.us-east-1.amazonaws.com/index.html,CC BY 4.0,https://creativecommons.org/licenses/by/4.0/,Bedding & Textiles,downscaled by dataset; no further edits
public/images/products/bedding-textiles-078.jpg,https://m.media-amazon.com/image/I/716GYlEImWL.jpg,Amazon.com,https://amazon-berkeley-objects.s3.us-east-1.amazonaws.com/index.html,CC BY 4.0,https://creativecommons.org/licenses/by/4.0/,Bedding & Textiles,downscaled by dataset; no further edits
public/images/products/bedding-textiles-079.jpg,https://m.media-amazon.com/image/I/91EH8wtVRpL.jpg,Amazon.com,https://amazon-berkeley-objects.s3.us-east-1.amazonaws.com/index.html,CC BY 4.0,https://creativecommons.org/licenses/by/4.0/,Bedding & Textiles,downscaled by dataset; no further edits
public/images/products/bedding-textiles-080.jpg,https://m.media-amazon.com/image/I/8172-C0QP1L.jpg,Amazon.com,https://amazon-berkeley-objects.s3.us-east-1.amazonaws.com/index.html,CC BY 4.0,https://creativecommons.org/licenses/by/4.0/,Bedding & Textiles,downscaled by dataset; no further edits
public/images/products/bedding-textiles-081.jpg,https://m.media-amazon.com/image/I/91Et8gpzswL.jpg,Amazon.com,https://amazon-berkeley-objects.s3.us-east-1.amazonaws.com/index.html,CC BY 4.0,https://creativecommons.org/licenses/by/4.0/,Bedding & Textiles,downscaled by dataset; no further edits
public/images/products/bedding-textiles-082.jpg,https://m.media-amazon.com/image/I/511bkRNfERL.jpg,Amazon.com,https://amazon-berkeley-objects.s3.us-east-1.amazonaws.com/index.html,CC BY 4.0,https://creativecommons.org/licenses/by/4.0/,Bedding & Textiles,downscaled by dataset; no further edits
public/images/products/bedding-textiles-083.jpg,https://m.media-amazon.com/image/I/71W58tu-q8L.jpg,Amazon.com,https://amazon-berkeley-objects.s3.us-east-1.amazonaws.com/index.html,CC BY 4.0,https://creativecommons.org/licenses/by/4.0/,Bedding & Textiles,downscaled by dataset; no further edits
public/images/products/bedding-textiles-084.jpg,https://m.media-amazon.com/image/I/91E3gCyyQqL.jpg,Amazon.com,https://amazon-berkeley-objects.s3.us-east-1.amazonaws.com/index.html,CC BY 4.0,https://creativecommons.org/licenses/by/4.0/,Bedding & Textiles,downscaled by dataset; no further edits
public/images/products/bedding-textiles-085.jpg,https://m.media-amazon.com/image/I/B1a92t+CJDS.jpg,Amazon.com,https://amazon-berkeley-objects.s3.us-east-1.amazonaws.com/index.html,CC BY 4.0,https://creativecommons.org/licenses/by/4.0/,Bedding & Textiles,downscaled by dataset; no further edits
public/images/products/bedding-textiles-086.jpg,https://m.media-amazon.com/image/I/A1Z2nL7ekYL.jpg,Amazon.com,https://amazon-berkeley-objects.s3.us-east-1.amazonaws.com/index.html,CC BY 4.0,https://creativecommons.org/licenses/by/4.0/,Bedding & Textiles,downscaled by dataset; no further edits
public/images/products/bedding-textiles-087.jpg,https://m.media-amazon.com/image/I/91rYfg8pARL.jpg,Amazon.com,https://amazon-berkeley-objects.s3.us-east-1.amazonaws.com/index.html,CC BY 4.0,https://creativecommons.org/licenses/by/4.0/,Bedding & Textiles,downscaled by dataset; no further edits
public/images/products/bedding-textiles-088.jpg,https://m.media-amazon.com/image/I/91n1B3lh2uL.jpg,Amazon.com,https://amazon-berkeley-objects.s3.us-east-1.amazonaws.com/index.html,CC BY 4.0,https://creativecommons.org/licenses/by/4.0/,Bedding & Textiles,downscaled by dataset; no further edits
public/images/products/bedding-textiles-089.jpg,https://m.media-amazon.com/image/I/51wg5QYlfZL.jpg,Amazon.com,https://amazon-berkeley-objects.s3.us-east-1.amazonaws.com/index.html,CC BY 4.0,https://creativecommons.org/licenses/by/4.0/,Bedding & Textiles,downscaled by dataset; no further edits
public/images/products/bedding-textiles-090.jpg,https://m.media-amazon.com/image/I/91QQVlDgadL.jpg,Amazon.com,https://amazon-berkeley-objects.s3.us-east-1.amazonaws.com/index.html,CC BY 4.0,https://creativecommons.org/licenses/by/4.0/,Bedding & Textiles,downscaled by dataset; no further edits
public/images/products/bedding-textiles-091.jpg,https://m.media-amazon.com/image/I/816wqgV8HOL.jpg,Amazon.com,https://amazon-berkeley-objects.s3.us-east-1.amazonaws.com/index.html,CC BY 4.0,https://creativecommons.org/licenses/by/4.0/,Bedding & Textiles,downscaled by dataset; no further edits
public/images/products/bedding-textiles-092.jpg,https://m.media-amazon.com/image/I/A14GwpzoBJL.jpg,Amazon.com,https://amazon-berkeley-objects.s3.us-east-1.amazonaws.com/index.html,CC BY 4.0,https://creativecommons.org/licenses/by/4.0/,Bedding & Textiles,downscaled by dataset; no further edits
public/images/products/bedding-textiles-093.jpg,https://m.media-amazon.com/image/I/51i1xs911eL.jpg,Amazon.com,https://amazon-berkeley-objects.s3.us-east-1.amazonaws.com/index.html,CC BY 4.0,https://creativecommons.org/licenses/by/4.0/,Bedding & Textiles,downscaled by dataset; no further edits
public/images/products/bedding-textiles-094.jpg,https://m.media-amazon.com/image/I/81Rv0OtyG3L.jpg,Amazon.com,https://amazon-berkeley-objects.s3.us-east-1.amazonaws.com/index.html,CC BY 4.0,https://creativecommons.org/licenses/by/4.0/,Bedding & Textiles,downscaled by dataset; no further edits
public/images/products/bedding-textiles-095.jpg,https://m.media-amazon.com/image/I/81UcgjkoWmL.jpg,Amazon.com,https://amazon-berkeley-objects.s3.us-east-1.amazonaws.com/index.html,CC BY 4.0,https://creativecommons.org/licenses/by/4.0/,Bedding & Textiles,downscaled by dataset; no further edits
public/images/products/bedding-textiles-096.jpg,https://m.media-amazon.com/image/I/51WCK3wpslL.jpg,Amazon.com,https://amazon-berkeley-objects.s3.us-east-1.amazonaws.com/index.html,CC BY 4.0,https://creativecommons.org/licenses/by/4.0/,Bedding & Textiles,downscaled by dataset; no further edits
public/images/products/bedding-textiles-097.jpg,https://m.media-amazon.com/image/I/A1E9W2AJR8L.jpg,Amazon.com,https://amazon-berkeley-objects.s3.us-east-1.amazonaws.com/index.html,CC BY 4.0,https://creativecommons.org/licenses/by/4.0/,Bedding & Textiles,downscaled by dataset; no further edits
public/images/products/bedding-textiles-098.jpg,https://m.media-amazon.com/image/I/51hP9bMv10L.jpg,Amazon.com,https://amazon-berkeley-objects.s3.us-east-1.amazonaws.com/index.html,CC BY 4.0,https://creativecommons.org/licenses/by/4.0/,Bedding & Textiles,downscaled by dataset; no further edits
public/images/products/bedding-textiles-099.jpg,https://m.media-amazon.com/image/I/61emzBCeBzL.jpg,Amazon.com,https://amazon-berkeley-objects.s3.us-east-1.amazonaws.com/index.html,CC BY 4.0,https://creativecommons.org/licenses/by/4.0/,Bedding & Textiles,downscaled by dataset; no further edits
public/images/products/bedding-textiles-100.jpg,https://m.media-amazon.com/image/I/61SI+czr2zL.jpg,Amazon.com,https://amazon-berkeley-objects.s3.us-east-1.amazonaws.com/index.html,CC BY 4.0,https://creativecommons.org/licenses/by/4.0/,Bedding & Textiles,downscaled by dataset; no further edits
public/images/products/computers-office-001.jpg,https://m.media-amazon.com/image/I/91NrkmjOc1L.jpg,Amazon.com,https://amazon-berkeley-objects.s3.us-east-1.amazonaws.com/index.html,CC BY 4.0,https://creativecommons.org/licenses/by/4.0/,Computers & Office,downscaled by dataset; no further edits
public/images/products/computers-office-002.jpg,https://m.media-amazon.com/image/I/616eW7uSeIL.jpg,Amazon.com,https://amazon-berkeley-objects.s3.us-east-1.amazonaws.com/index.html,CC BY 4.0,https://creativecommons.org/licenses/by/4.0/,Computers & Office,downscaled by dataset; no further edits
public/images/products/computers-office-003.jpg,https://m.media-amazon.com/image/I/518EqaZ9ZXL.jpg,Amazon.com,https://amazon-berkeley-objects.s3.us-east-1.amazonaws.com/index.html,CC BY 4.0,https://creativecommons.org/licenses/by/4.0/,Computers & Office,downscaled by dataset; no further edits
public/images/products/computers-office-004.jpg,https://m.media-amazon.com/image/I/617MqFkqlaL.jpg,Amazon.com,https://amazon-berkeley-objects.s3.us-east-1.amazonaws.com/index.html,CC BY 4.0,https://creativecommons.org/licenses/by/4.0/,Computers & Office,downscaled by dataset; no further edits
public/images/products/computers-office-005.jpg,https://m.media-amazon.com/image/I/51nZChUjaLL.jpg,Amazon.com,https://amazon-berkeley-objects.s3.us-east-1.amazonaws.com/index.html,CC BY 4.0,https://creativecommons.org/licenses/by/4.0/,Computers & Office,downscaled by dataset; no further edits
public/images/products/computers-office-006.jpg,https://m.media-amazon.com/image/I/51IBu3CKxTL.jpg,Amazon.com,https://amazon-berkeley-objects.s3.us-east-1.amazonaws.com/index.html,CC BY 4.0,https://creativecommons.org/licenses/by/4.0/,Computers & Office,downscaled by dataset; no further edits
public/images/products/computers-office-007.jpg,https://m.media-amazon.com/image/I/51QFr0vIa8L.jpg,Amazon.com,https://amazon-berkeley-objects.s3.us-east-1.amazonaws.com/index.html,CC BY 4.0,https://creativecommons.org/licenses/by/4.0/,Computers & Office,downscaled by dataset; no further edits
public/images/products/computers-office-008.jpg,https://m.media-amazon.com/image/I/61MaTECTMaL.jpg,Amazon.com,https://amazon-berkeley-objects.s3.us-east-1.amazonaws.com/index.html,CC BY 4.0,https://creativecommons.org/licenses/by/4.0/,Computers & Office,downscaled by dataset; no further edits
public/images/products/computers-office-009.jpg,https://m.media-amazon.com/image/I/51rCkROSD7L.jpg,Amazon.com,https://amazon-berkeley-objects.s3.us-east-1.amazonaws.com/index.html,CC BY 4.0,https://creativecommons.org/licenses/by/4.0/,Computers & Office,downscaled by dataset; no further edits
public/images/products/computers-office-010.jpg,https://m.media-amazon.com/image/I/81qEE4StsrL.jpg,Amazon.com,https://amazon-berkeley-objects.s3.us-east-1.amazonaws.com/index.html,CC BY 4.0,https://creativecommons.org/licenses/by/4.0/,Computers & Office,downscaled by dataset; no further edits
public/images/products/computers-office-011.jpg,https://m.media-amazon.com/image/I/71fcefZJgqL.jpg,Amazon.com,https://amazon-berkeley-objects.s3.us-east-1.amazonaws.com/index.html,CC BY 4.0,https://creativecommons.org/licenses/by/4.0/,Computers & Office,downscaled by dataset; no further edits
public/images/products/computers-office-012.jpg,https://m.media-amazon.com/image/I/51Bi-cgaUZL.jpg,Amazon.com,https://amazon-berkeley-objects.s3.us-east-1.amazonaws.com/index.html,CC BY 4.0,https://creativecommons.org/licenses/by/4.0/,Computers & Office,downscaled by dataset; no further edits
public/images/products/computers-office-013.jpg,https://m.media-amazon.com/image/I/41TvHR3jOEL.jpg,Amazon.com,https://amazon-berkeley-objects.s3.us-east-1.amazonaws.com/index.html,CC BY 4.0,https://creativecommons.org/licenses/by/4.0/,Computers & Office,downscaled by dataset; no further edits
public/images/products/computers-office-014.jpg,https://m.media-amazon.com/image/I/61xVXvejwYL.jpg,Amazon.com,https://amazon-berkeley-objects.s3.us-east-1.amazonaws.com/index.html,CC BY 4.0,https://creativecommons.org/licenses/by/4.0/,Computers & Office,downscaled by dataset; no further edits
public/images/products/computers-office-015.jpg,https://m.media-amazon.com/image/I/81hqdeHd1oL.jpg,Amazon.com,https://amazon-berkeley-objects.s3.us-east-1.amazonaws.com/index.html,CC BY 4.0,https://creativecommons.org/licenses/by/4.0/,Computers & Office,downscaled by dataset; no further edits
public/images/products/computers-office-016.jpg,https://m.media-amazon.com/image/I/41zGG3oaxOL.jpg,Amazon.com,https://amazon-berkeley-objects.s3.us-east-1.amazonaws.com/index.html,CC BY 4.0,https://creativecommons.org/licenses/by/4.0/,Computers & Office,downscaled by dataset; no further edits
public/images/products/computers-office-017.jpg,https://m.media-amazon.com/image/I/81K8fyHpsJL.jpg,Amazon.com,https://amazon-berkeley-objects.s3.us-east-1.amazonaws.com/index.html,CC BY 4.0,https://creativecommons.org/licenses/by/4.0/,Computers & Office,downscaled by dataset; no further edits
public/images/products/computers-office-018.jpg,https://m.media-amazon.com/image/I/71A4HRbZ9IL.jpg,Amazon.com,https://amazon-berkeley-objects.s3.us-east-1.amazonaws.com/index.html,CC BY 4.0,https://creativecommons.org/licenses/by/4.0/,Computers & Office,downscaled by dataset; no further edits
public/images/products/computers-office-019.jpg,https://m.media-amazon.com/image/I/71INRpXIKmL.jpg,Amazon.com,https://amazon-berkeley-objects.s3.us-east-1.amazonaws.com/index.html,CC BY 4.0,https://creativecommons.org/licenses/by/4.0/,Computers & Office,downscaled by dataset; no further edits
public/images/products/computers-office-020.jpg,https://m.media-amazon.com/image/I/81hX49UNOSL.jpg,Amazon.com,https://amazon-berkeley-objects.s3.us-east-1.amazonaws.com/index.html,CC BY 4.0,https://creativecommons.org/licenses/by/4.0/,Computers & Office,downscaled by dataset; no further edits
public/images/products/computers-office-021.jpg,https://m.media-amazon.com/image/I/61-VdQA2oBL.jpg,Amazon.com,https://amazon-berkeley-objects.s3.us-east-1.amazonaws.com/index.html,CC BY 4.0,https://creativecommons.org/licenses/by/4.0/,Computers & Office,downscaled by dataset; no further edits
public/images/products/computers-office-022.jpg,https://m.media-amazon.com/image/I/81tT8nACEmL.jpg,Amazon.com,https://amazon-berkeley-objects.s3.us-east-1.amazonaws.com/index.html,CC BY 4.0,https://creativecommons.org/licenses/by/4.0/,Computers & Office,downscaled by dataset; no further edits
public/images/products/computers-office-023.jpg,https://m.media-amazon.com/image/I/71nmrSRQ3cL.jpg,Amazon.com,https://amazon-berkeley-objects.s3.us-east-1.amazonaws.com/index.html,CC BY 4.0,https://creativecommons.org/licenses/by/4.0/,Computers & Office,downscaled by dataset; no further edits
public/images/products/computers-office-024.jpg,https://m.media-amazon.com/image/I/719O7UdOiLL.jpg,Amazon.com,https://amazon-berkeley-objects.s3.us-east-1.amazonaws.com/index.html,CC BY 4.0,https://creativecommons.org/licenses/by/4.0/,Computers & Office,downscaled by dataset; no further edits
public/images/products/computers-office-025.jpg,https://m.media-amazon.com/image/I/81UPRrXYoxL.jpg,Amazon.com,https://amazon-berkeley-objects.s3.us-east-1.amazonaws.com/index.html,CC BY 4.0,https://creativecommons.org/licenses/by/4.0/,Computers & Office,downscaled by dataset; no further edits
public/images/products/computers-office-026.jpg,https://m.media-amazon.com/image/I/81CAv8MjobL.jpg,Amazon.com,https://amazon-berkeley-objects.s3.us-east-1.amazonaws.com/index.html,CC BY 4.0,https://creativecommons.org/licenses/by/4.0/,Computers & Office,downscaled by dataset; no further edits
public/images/products/computers-office-027.jpg,https://m.media-amazon.com/image/I/91Gph1pFN4L.jpg,Amazon.com,https://amazon-berkeley-objects.s3.us-east-1.amazonaws.com/index.html,CC BY 4.0,https://creativecommons.org/licenses/by/4.0/,Computers & Office,downscaled by dataset; no further edits
public/images/products/computers-office-028.jpg,https://m.media-amazon.com/image/I/81vRquMJUxL.jpg,Amazon.com,https://amazon-berkeley-objects.s3.us-east-1.amazonaws.com/index.html,CC BY 4.0,https://creativecommons.org/licenses/by/4.0/,Computers & Office,downscaled by dataset; no further edits
public/images/products/computers-office-029.jpg,https://m.media-amazon.com/image/I/91XYACH1irL.jpg,Amazon.com,https://amazon-berkeley-objects.s3.us-east-1.amazonaws.com/index.html,CC BY 4.0,https://creativecommons.org/licenses/by/4.0/,Computers & Office,downscaled by dataset; no further edits
public/images/products/computers-office-030.jpg,https://m.media-amazon.com/image/I/41ihWPgNwCL.jpg,Amazon.com,https://amazon-berkeley-objects.s3.us-east-1.amazonaws.com/index.html,CC BY 4.0,https://creativecommons.org/licenses/by/4.0/,Computers & Office,downscaled by dataset; no further edits
public/images/products/computers-office-031.jpg,https://m.media-amazon.com/image/I/71akWM-YM+L.jpg,Amazon.com,https://amazon-berkeley-objects.s3.us-east-1.amazonaws.com/index.html,CC BY 4.0,https://creativecommons.org/licenses/by/4.0/,Computers & Office,downscaled by dataset; no further edits
public/images/products/computers-office-032.jpg,https://m.media-amazon.com/image/I/61rY81jY2qL.jpg,Amazon.com,https://amazon-berkeley-objects.s3.us-east-1.amazonaws.com/index.html,CC BY 4.0,https://creativecommons.org/licenses/by/4.0/,Computers & Office,downscaled by dataset; no further edits
public/images/products/computers-office-033.jpg,https://m.media-amazon.com/image/I/51ILDBtCvWL.jpg,Amazon.com,https://amazon-berkeley-objects.s3.us-east-1.amazonaws.com/index.html,CC BY 4.0,https://creativecommons.org/licenses/by/4.0/,Computers & Office,downscaled by dataset; no further edits
public/images/products/computers-office-034.jpg,https://m.media-amazon.com/image/I/81VrA9utG+L.jpg,Amazon.com,https://amazon-berkeley-objects.s3.us-east-1.amazonaws.com/index.html,CC BY 4.0,https://creativecommons.org/licenses/by/4.0/,Computers & Office,downscaled by dataset; no further edits
public/images/products/computers-office-035.jpg,https://m.media-amazon.com/image/I/71NMeVTevGL.jpg,Amazon.com,https://amazon-berkeley-objects.s3.us-east-1.amazonaws.com/index.html,CC BY 4.0,https://creativecommons.org/licenses/by/4.0/,Computers & Office,downscaled by dataset; no further edits
public/images/products/computers-office-036.jpg,https://m.media-amazon.com/image/I/71p7G3IfKoL.jpg,Amazon.com,https://amazon-berkeley-objects.s3.us-east-1.amazonaws.com/index.html,CC BY 4.0,https://creativecommons.org/licenses/by/4.0/,Computers & Office,downscaled by dataset; no further edits
public/images/products/computers-office-037.jpg,https://m.media-amazon.com/image/I/71c06KV580L.jpg,Amazon.com,https://amazon-berkeley-objects.s3.us-east-1.amazonaws.com/index.html,CC BY 4.0,https://creativecommons.org/licenses/by/4.0/,Computers & Office,downscaled by dataset; no further edits
public/images/products/computers-office-038.jpg,https://m.media-amazon.com/image/I/51858SkQtXL.jpg,Amazon.com,https://amazon-berkeley-objects.s3.us-east-1.amazonaws.com/index.html,CC BY 4.0,https://creativecommons.org/licenses/by/4.0/,Computers & Office,downscaled by dataset; no further edits
public/images/products/computers-office-039.jpg,https://m.media-amazon.com/image/I/51hSFhuMG+L.jpg,Amazon.com,https://amazon-berkeley-objects.s3.us-east-1.amazonaws.com/index.html,CC BY 4.0,https://creativecommons.org/licenses/by/4.0/,Computers & Office,downscaled by dataset; no further edits
public/images/products/computers-office-040.jpg,https://m.media-amazon.com/image/I/71Z1boTaX0L.jpg,Amazon.com,https://amazon-berkeley-objects.s3.us-east-1.amazonaws.com/index.html,CC BY 4.0,https://creativecommons.org/licenses/by/4.0/,Computers & Office,downscaled by dataset; no further edits
public/images/products/computers-office-041.jpg,https://m.media-amazon.com/image/I/51InTlT3FQL.jpg,Amazon.com,https://amazon-berkeley-objects.s3.us-east-1.amazonaws.com/index.html,CC BY 4.0,https://creativecommons.org/licenses/by/4.0/,Computers & Office,downscaled by dataset; no further edits
public/images/products/computers-office-042.jpg,https://m.media-amazon.com/image/I/51HefaGwC-L.jpg,Amazon.com,https://amazon-berkeley-objects.s3.us-east-1.amazonaws.com/index.html,CC BY 4.0,https://creativecommons.org/licenses/by/4.0/,Computers & Office,downscaled by dataset; no further edits
public/images/products/computers-office-043.jpg,https://m.media-amazon.com/image/I/41BUlvp8PcL.jpg,Amazon.com,https://amazon-berkeley-objects.s3.us-east-1.amazonaws.com/index.html,CC BY 4.0,https://creativecommons.org/licenses/by/4.0/,Computers & Office,downscaled by dataset; no further edits
public/images/products/computers-office-044.jpg,https://m.media-amazon.com/image/I/816edXU5ZtL.jpg,Amazon.com,https://amazon-berkeley-objects.s3.us-east-1.amazonaws.com/index.html,CC BY 4.0,https://creativecommons.org/licenses/by/4.0/,Computers & Office,downscaled by dataset; no further edits
public/images/products/computers-office-045.jpg,https://m.media-amazon.com/image/I/81vj1T70lOL.jpg,Amazon.com,https://amazon-berkeley-objects.s3.us-east-1.amazonaws.com/index.html,CC BY 4.0,https://creativecommons.org/licenses/by/4.0/,Computers & Office,downscaled by dataset; no further edits
public/images/products/computers-office-046.jpg,https://m.media-amazon.com/image/I/61jjl57VVPL.jpg,Amazon.com,https://amazon-berkeley-objects.s3.us-east-1.amazonaws.com/index.html,CC BY 4.0,https://creativecommons.org/licenses/by/4.0/,Computers & Office,downscaled by dataset; no further edits
public/images/products/computers-office-047.jpg,https://m.media-amazon.com/image/I/71PxCX9IlJL.jpg,Amazon.com,https://amazon-berkeley-objects.s3.us-east-1.amazonaws.com/index.html,CC BY 4.0,https://creativecommons.org/licenses/by/4.0/,Computers & Office,downscaled by dataset; no further edits
public/images/products/computers-office-048.jpg,https://m.media-amazon.com/image/I/71oRnP+CW-L.jpg,Amazon.com,https://amazon-berkeley-objects.s3.us-east-1.amazonaws.com/index.html,CC BY 4.0,https://creativecommons.org/licenses/by/4.0/,Computers & Office,downscaled by dataset; no further edits
public/images/products/computers-office-049.jpg,https://m.media-amazon.com/image/I/51MbRD48lkL.jpg,Amazon.com,https://amazon-berkeley-objects.s3.us-east-1.amazonaws.com/index.html,CC BY 4.0,https://creativecommons.org/licenses/by/4.0/,Computers & Office,downscaled by dataset; no further edits
public/images/products/computers-office-050.jpg,https://m.media-amazon.com/image/I/71Iz-G82R0L.jpg,Amazon.com,https://amazon-berkeley-objects.s3.us-east-1.amazonaws.com/index.html,CC BY 4.0,https://creativecommons.org/licenses/by/4.0/,Computers & Office,downscaled by dataset; no further edits
public/images/products/computers-office-051.jpg,https://m.media-amazon.com/image/I/51lUml+I3TL.jpg,Amazon.com,https://amazon-berkeley-objects.s3.us-east-1.amazonaws.com/index.html,CC BY 4.0,https://creativecommons.org/licenses/by/4.0/,Computers & Office,downscaled by dataset; no further edits
public/images/products/computers-office-052.jpg,https://m.media-amazon.com/image/I/81IyxM3ud0L.jpg,Amazon.com,https://amazon-berkeley-objects.s3.us-east-1.amazonaws.com/index.html,CC BY 4.0,https://creativecommons.org/licenses/by/4.0/,Computers & Office,downscaled by dataset; no further edits
public/images/products/computers-office-053.jpg,https://m.media-amazon.com/image/I/612ldPQ0u+L.jpg,Amazon.com,https://amazon-berkeley-objects.s3.us-east-1.amazonaws.com/index.html,CC BY 4.0,https://creativecommons.org/licenses/by/4.0/,Computers & Office,downscaled by dataset; no further edits
public/images/products/computers-office-054.jpg,https://m.media-amazon.com/image/I/612xWrsckpL.jpg,Amazon.com,https://amazon-berkeley-objects.s3.us-east-1.amazonaws.com/index.html,CC BY 4.0,https://creativecommons.org/licenses/by/4.0/,Computers & Office,downscaled by dataset; no further edits
public/images/products/computers-office-055.jpg,https://m.media-amazon.com/image/I/81QtrgYgBzL.jpg,Amazon.com,https://amazon-berkeley-objects.s3.us-east-1.amazonaws.com/index.html,CC BY 4.0,https://creativecommons.org/licenses/by/4.0/,Computers & Office,downscaled by dataset; no further edits
public/images/products/computers-office-056.jpg,https://m.media-amazon.com/image/I/91owblZq78L.jpg,Amazon.com,https://amazon-berkeley-objects.s3.us-east-1.amazonaws.com/index.html,CC BY 4.0,https://creativecommons.org/licenses/by/4.0/,Computers & Office,downscaled by dataset; no further edits
public/images/products/computers-office-057.jpg,https://m.media-amazon.com/image/I/81z2cTFDCjL.jpg,Amazon.com,https://amazon-berkeley-objects.s3.us-east-1.amazonaws.com/index.html,CC BY 4.0,https://creativecommons.org/licenses/by/4.0/,Computers & Office,downscaled by dataset; no further edits
public/images/products/computers-office-058.jpg,https://m.media-amazon.com/image/I/61YJuVAU6VL.jpg,Amazon.com,https://amazon-berkeley-objects.s3.us-east-1.amazonaws.com/index.html,CC BY 4.0,https://creativecommons.org/licenses/by/4.0/,Computers & Office,downscaled by dataset; no further edits
public/images/products/computers-office-059.jpg,https://m.media-amazon.com/image/I/61eolI3ZvSL.jpg,Amazon.com,https://amazon-berkeley-objects.s3.us-east-1.amazonaws.com/index.html,CC BY 4.0,https://creativecommons.org/licenses/by/4.0/,Computers & Office,downscaled by dataset; no further edits
public/images/products/computers-office-060.jpg,https://m.media-amazon.com/image/I/71ohzLndX4L.jpg,Amazon.com,https://amazon-berkeley-objects.s3.us-east-1.amazonaws.com/index.html,CC BY 4.0,https://creativecommons.org/licenses/by/4.0/,Computers & Office,downscaled by dataset; no further edits
public/images/products/computers-office-061.jpg,https://m.media-amazon.com/image/I/51d93mliQbL.jpg,Amazon.com,https://amazon-berkeley-objects.s3.us-east-1.amazonaws.com/index.html,CC BY 4.0,https://creativecommons.org/licenses/by/4.0/,Computers & Office,downscaled by dataset; no further edits
public/images/products/computers-office-062.jpg,https://m.media-amazon.com/image/I/61Orq8va0ZL.jpg,Amazon.com,https://amazon-berkeley-objects.s3.us-east-1.amazonaws.com/index.html,CC BY 4.0,https://creativecommons.org/licenses/by/4.0/,Computers & Office,downscaled by dataset; no further edits
public/images/products/computers-office-063.jpg,https://m.media-amazon.com/image/I/81UXas2qH4L.jpg,Amazon.com,https://amazon-berkeley-objects.s3.us-east-1.amazonaws.com/index.html,CC BY 4.0,https://creativecommons.org/licenses/by/4.0/,Computers & Office,downscaled by dataset; no further edits
public/images/products/computers-office-064.jpg,https://m.media-amazon.com/image/I/81TylkEAOML.jpg,Amazon.com,https://amazon-berkeley-objects.s3.us-east-1.amazonaws.com/index.html,CC BY 4.0,https://creativecommons.org/licenses/by/4.0/,Computers & Office,downscaled by dataset; no further edits
public/images/products/computers-office-065.jpg,https://m.media-amazon.com/image/I/61vMRYIz-8L.jpg,Amazon.com,https://amazon-berkeley-objects.s3.us-east-1.amazonaws.com/index.html,CC BY 4.0,https://creativecommons.org/licenses/by/4.0/,Computers & Office,downscaled by dataset; no further edits
public/images/products/computers-office-066.jpg,https://m.media-amazon.com/image/I/41G53jD0T-L.jpg,Amazon.com,https://amazon-berkeley-objects.s3.us-east-1.amazonaws.com/index.html,CC BY 4.0,https://creativecommons.org/licenses/by/4.0/,Computers & Office,downscaled by dataset; no further edits
public/images/products/computers-office-067.jpg,https://m.media-amazon.com/image/I/81NkhXD2Q-L.jpg,Amazon.com,https://amazon-berkeley-objects.s3.us-east-1.amazonaws.com/index.html,CC BY 4.0,https://creativecommons.org/licenses/by/4.0/,Computers & Office,downscaled by dataset; no further edits
public/images/products/computers-office-068.jpg,https://m.media-amazon.com/image/I/81TlpWhhnSL.jpg,Amazon.com,https://amazon-berkeley-objects.s3.us-east-1.amazonaws.com/index.html,CC BY 4.0,https://creativecommons.org/licenses/by/4.0/,Computers & Office,downscaled by dataset; no further edits
public/images/products/computers-office-069.jpg,https://m.media-amazon.com/image/I/71nsS+z2ugL.jpg,Amazon.com,https://amazon-berkeley-objects.s3.us-east-1.amazonaws.com/index.html,CC BY 4.0,https://creativecommons.org/licenses/by/4.0/,Computers & Office,downscaled by dataset; no further edits
public/images/products/computers-office-070.jpg,https://m.media-amazon.com/image/I/81U13t6ix8L.jpg,Amazon.com,https://amazon-berkeley-objects.s3.us-east-1.amazonaws.com/index.html,CC BY 4.0,https://creativecommons.org/licenses/by/4.0/,Computers & Office,downscaled by dataset; no further edits
public/images/products/computers-office-071.jpg,https://m.media-amazon.com/image/I/91iQ+HvfmcL.jpg,Amazon.com,https://amazon-berkeley-objects.s3.us-east-1.amazonaws.com/index.html,CC BY 4.0,https://creativecommons.org/licenses/by/4.0/,Computers & Office,downscaled by dataset; no further edits
public/images/products/computers-office-072.jpg,https://m.media-amazon.com/image/I/618BWYCjLOL.jpg,Amazon.com,https://amazon-berkeley-objects.s3.us-east-1.amazonaws.com/index.html,CC BY 4.0,https://creativecommons.org/licenses/by/4.0/,Computers & Office,downscaled by dataset; no further edits
public/images/products/computers-office-073.jpg,https://m.media-amazon.com/image/I/71hNdUscifL.jpg,Amazon.com,https://amazon-berkeley-objects.s3.us-east-1.amazonaws.com/index.html,CC BY 4.0,https://creativecommons.org/licenses/by/4.0/,Computers & Office,downscaled by dataset; no further edits
public/images/products/computers-office-074.jpg,https://m.media-amazon.com/image/I/81YtNZSUaEL.jpg,Amazon.com,https://amazon-berkeley-objects.s3.us-east-1.amazonaws.com/index.html,CC BY 4.0,https://creativecommons.org/licenses/by/4.0/,Computers & Office,downscaled by dataset; no further edits
public/images/products/computers-office-075.jpg,https://m.media-amazon.com/image/I/510FeqNK7RL.jpg,Amazon.com,https://amazon-berkeley-objects.s3.us-east-1.amazonaws.com/index.html,CC BY 4.0,https://creativecommons.org/licenses/by/4.0/,Computers & Office,downscaled by dataset; no further edits
public/images/products/computers-office-076.jpg,https://m.media-amazon.com/image/I/A1eHxULXn1L.jpg,Amazon.com,https://amazon-berkeley-objects.s3.us-east-1.amazonaws.com/index.html,CC BY 4.0,https://creativecommons.org/licenses/by/4.0/,Computers & Office,downscaled by dataset; no further edits
public/images/products/computers-office-077.jpg,https://m.media-amazon.com/image/I/51yYnSVww-L.jpg,Amazon.com,https://amazon-berkeley-objects.s3.us-east-1.amazonaws.com/index.html,CC BY 4.0,https://creativecommons.org/licenses/by/4.0/,Computers & Office,downscaled by dataset; no further edits
public/images/products/computers-office-078.jpg,https://m.media-amazon.com/image/I/5142m78ShmL.jpg,Amazon.com,https://amazon-berkeley-objects.s3.us-east-1.amazonaws.com/index.html,CC BY 4.0,https://creativecommons.org/licenses/by/4.0/,Computers & Office,downscaled by dataset; no further edits
public/images/products/computers-office-079.jpg,https://m.media-amazon.com/image/I/81RvZXGT2NL.jpg,Amazon.com,https://amazon-berkeley-objects.s3.us-east-1.amazonaws.com/index.html,CC BY 4.0,https://creativecommons.org/licenses/by/4.0/,Computers & Office,downscaled by dataset; no further edits
public/images/products/computers-office-080.jpg,https://m.media-amazon.com/image/I/81-fpuNxROL.jpg,Amazon.com,https://amazon-berkeley-objects.s3.us-east-1.amazonaws.com/index.html,CC BY 4.0,https://creativecommons.org/licenses/by/4.0/,Computers & Office,downscaled by dataset; no further edits
public/images/products/computers-office-081.jpg,https://m.media-amazon.com/image/I/714qVF4pOZL.jpg,Amazon.com,https://amazon-berkeley-objects.s3.us-east-1.amazonaws.com/index.html,CC BY 4.0,https://creativecommons.org/licenses/by/4.0/,Computers & Office,downscaled by dataset; no further edits
public/images/products/computers-office-082.jpg,https://m.media-amazon.com/image/I/81M0oL5aZpL.jpg,Amazon.com,https://amazon-berkeley-objects.s3.us-east-1.amazonaws.com/index.html,CC BY 4.0,https://creativecommons.org/licenses/by/4.0/,Computers & Office,downscaled by dataset; no further edits
public/images/products/computers-office-083.jpg,https://m.media-amazon.com/image/I/81BY2NXtNpL.jpg,Amazon.com,https://amazon-berkeley-objects.s3.us-east-1.amazonaws.com/index.html,CC BY 4.0,https://creativecommons.org/licenses/by/4.0/,Computers & Office,downscaled by dataset; no further edits
public/images/products/computers-office-084.jpg,https://m.media-amazon.com/image/I/71gWW26zBYL.jpg,Amazon.com,https://amazon-berkeley-objects.s3.us-east-1.amazonaws.com/index.html,CC BY 4.0,https://creativecommons.org/licenses/by/4.0/,Computers & Office,downscaled by dataset; no further edits
public/images/products/computers-office-085.jpg,https://m.media-amazon.com/image/I/61IORxTQJkL.jpg,Amazon.com,https://amazon-berkeley-objects.s3.us-east-1.amazonaws.com/index.html,CC BY 4.0,https://creativecommons.org/licenses/by/4.0/,Computers & Office,downscaled by dataset; no further edits
public/images/products/computers-office-086.jpg,https://m.media-amazon.com/image/I/81hSXShwrUL.jpg,Amazon.com,https://amazon-berkeley-objects.s3.us-east-1.amazonaws.com/index.html,CC BY 4.0,https://creativecommons.org/licenses/by/4.0/,Computers & Office,downscaled by dataset; no further edits
public/images/products/computers-office-087.jpg,https://m.media-amazon.com/image/I/81JyxPZfkNL.jpg,Amazon.com,https://amazon-berkeley-objects.s3.us-east-1.amazonaws.com/index.html,CC BY 4.0,https://creativecommons.org/licenses/by/4.0/,Computers & Office,downscaled by dataset; no further edits
public/images/products/computers-office-088.jpg,https://m.media-amazon.com/image/I/51F7ywgHpLL.jpg,Amazon.com,https://amazon-berkeley-objects.s3.us-east-1.amazonaws.com/index.html,CC BY 4.0,https://creativecommons.org/licenses/by/4.0/,Computers & Office,downscaled by dataset; no further edits
public/images/products/computers-office-089.jpg,https://m.media-amazon.com/image/I/81D6RDxvDyL.jpg,Amazon.com,https://amazon-berkeley-objects.s3.us-east-1.amazonaws.com/index.html,CC BY 4.0,https://creativecommons.org/licenses/by/4.0/,Computers & Office,downscaled by dataset; no further edits
public/images/products/computers-office-090.jpg,https://m.media-amazon.com/image/I/613HWGZyYfL.jpg,Amazon.com,https://amazon-berkeley-objects.s3.us-east-1.amazonaws.com/index.html,CC BY 4.0,https://creativecommons.org/licenses/by/4.0/,Computers & Office,downscaled by dataset; no further edits
public/images/products/computers-office-091.jpg,https://m.media-amazon.com/image/I/71inyh3NhZL.jpg,Amazon.com,https://amazon-berkeley-objects.s3.us-east-1.amazonaws.com/index.html,CC BY 4.0,https://creativecommons.org/licenses/by/4.0/,Computers & Office,downscaled by dataset; no further edits
public/images/products/computers-office-092.jpg,https://m.media-amazon.com/image/I/51NkgYdqkQL.jpg,Amazon.com,https://amazon-berkeley-objects.s3.us-east-1.amazonaws.com/index.html,CC BY 4.0,https://creativecommons.org/licenses/by/4.0/,Computers & Office,downscaled by dataset; no further edits
public/images/products/computers-office-093.jpg,https://m.media-amazon.com/image/I/71PcDsRUuHL.jpg,Amazon.com,https://amazon-berkeley-objects.s3.us-east-1.amazonaws.com/index.html,CC BY 4.0,https://creativecommons.org/licenses/by/4.0/,Computers & Office,downscaled by dataset; no further edits
public/images/products/computers-office-094.jpg,https://m.media-amazon.com/image/I/81ry2Fc-1cL.jpg,Amazon.com,https://amazon-berkeley-objects.s3.us-east-1.amazonaws.com/index.html,CC BY 4.0,https://creativecommons.org/licenses/by/4.0/,Computers & Office,downscaled by dataset; no further edits
public/images/products/computers-office-095.jpg,https://m.media-amazon.com/image/I/713ojdTaKvL.jpg,Amazon.com,https://amazon-berkeley-objects.s3.us-east-1.amazonaws.com/index.html,CC BY 4.0,https://creativecommons.org/licenses/by/4.0/,Computers & Office,downscaled by dataset; no further edits
public/images/products/computers-office-096.jpg,https://m.media-amazon.com/image/I/81P0k3dOUmL.jpg,Amazon.com,https://amazon-berkeley-objects.s3.us-east-1.amazonaws.com/index.html,CC BY 4.0,https://creativecommons.org/licenses/by/4.0/,Computers & Office,downscaled by dataset; no further edits
public/images/products/computers-office-097.jpg,https://m.media-amazon.com/image/I/71JhQsQDXXL.jpg,Amazon.com,https://amazon-berkeley-objects.s3.us-east-1.amazonaws.com/index.html,CC BY 4.0,https://creativecommons.org/licenses/by/4.0/,Computers & Office,downscaled by dataset; no further edits
public/images/products/computers-office-098.jpg,https://m.media-amazon.com/image/I/81HLgVOZ1nL.jpg,Amazon.com,https://amazon-berkeley-objects.s3.us-east-1.amazonaws.com/index.html,CC BY 4.0,https://creativecommons.org/licenses/by/4.0/,Computers & Office,downscaled by dataset; no further edits
public/images/products/computers-office-099.jpg,https://m.media-amazon.com/image/I/81CvJJSm5lL.jpg,Amazon.com,https://amazon-berkeley-objects.s3.us-east-1.amazonaws.com/index.html,CC BY 4.0,https://creativecommons.org/licenses/by/4.0/,Computers & Office,downscaled by dataset; no further edits
public/images/products/computers-office-100.jpg,https://m.media-amazon.com/image/I/6190km6Y6yL.jpg,Amazon.com,https://amazon-berkeley-objects.s3.us-east-1.amazonaws.com/index.html,CC BY 4.0,https://creativecommons.org/licenses/by/4.0/,Computers & Office,downscaled by dataset; no further edits
public/images/products/decor-art-001.jpg,https://m.media-amazon.com/image/I/91foZdQ3fPL.jpg,Amazon.com,https://amazon-berkeley-objects.s3.us-east-1.amazonaws.com/index.html,CC BY 4.0,https://creativecommons.org/licenses/by/4.0/,Décor & Art,downscaled by dataset; no further edits
public/images/products/decor-art-002.jpg,https://m.media-amazon.com/image/I/81fKGswaSmL.jpg,Amazon.com,https://amazon-berkeley-objects.s3.us-east-1.amazonaws.com/index.html,CC BY 4.0,https://creativecommons.org/licenses/by/4.0/,Décor & Art,downscaled by dataset; no further edits
public/images/products/decor-art-003.jpg,https://m.media-amazon.com/image/I/917DnLFkU7L.jpg,Amazon.com,https://amazon-berkeley-objects.s3.us-east-1.amazonaws.com/index.html,CC BY 4.0,https://creativecommons.org/licenses/by/4.0/,Décor & Art,downscaled by dataset; no further edits
public/images/products/decor-art-004.jpg,https://m.media-amazon.com/image/I/91oT0JhVfFL.jpg,Amazon.com,https://amazon-berkeley-objects.s3.us-east-1.amazonaws.com/index.html,CC BY 4.0,https://creativecommons.org/licenses/by/4.0/,Décor & Art,downscaled by dataset; no further edits
public/images/products/decor-art-005.jpg,https://m.media-amazon.com/image/I/91ojO2sahrL.jpg,Amazon.com,https://amazon-berkeley-objects.s3.us-east-1.amazonaws.com/index.html,CC BY 4.0,https://creativecommons.org/licenses/by/4.0/,Décor & Art,downscaled by dataset; no further edits
public/images/products/decor-art-006.jpg,https://m.media-amazon.com/image/I/81DH1HC3GdL.jpg,Amazon.com,https://amazon-berkeley-objects.s3.us-east-1.amazonaws.com/index.html,CC BY 4.0,https://creativecommons.org/licenses/by/4.0/,Décor & Art,downscaled by dataset; no further edits
public/images/products/decor-art-007.jpg,https://m.media-amazon.com/image/I/91yjh7OBQoL.jpg,Amazon.com,https://amazon-berkeley-objects.s3.us-east-1.amazonaws.com/index.html,CC BY 4.0,https://creativecommons.org/licenses/by/4.0/,Décor & Art,downscaled by dataset; no further edits
public/images/products/decor-art-008.jpg,https://m.media-amazon.com/image/I/91NBWatj21L.jpg,Amazon.com,https://amazon-berkeley-objects.s3.us-east-1.amazonaws.com/index.html,CC BY 4.0,https://creativecommons.org/licenses/by/4.0/,Décor & Art,downscaled by dataset; no further edits
public/images/products/decor-art-009.jpg,https://m.media-amazon.com/image/I/91rfWFQdcTL.jpg,Amazon.com,https://amazon-berkeley-objects.s3.us-east-1.amazonaws.com/index.html,CC BY 4.0,https://creativecommons.org/licenses/by/4.0/,Décor & Art,downscaled by dataset; no further edits
public/images/products/decor-art-010.jpg,https://m.media-amazon.com/image/I/91N3O6kBAXL.jpg,Amazon.com,https://amazon-berkeley-objects.s3.us-east-1.amazonaws.com/index.html,CC BY 4.0,https://creativecommons.org/licenses/by/4.0/,Décor & Art,downscaled by dataset; no further edits
public/images/products/decor-art-011.jpg,https://m.media-amazon.com/image/I/91AZh48yrbL.jpg,Amazon.com,https://amazon-berkeley-objects.s3.us-east-1.amazonaws.com/index.html,CC BY 4.0,https://creativecommons.org/licenses/by/4.0/,Décor & Art,downscaled by dataset; no further edits
public/images/products/decor-art-012.jpg,https://m.media-amazon.com/image/I/91BoSzcJ1wL.jpg,Amazon.com,https://amazon-berkeley-objects.s3.us-east-1.amazonaws.com/index.html,CC BY 4.0,https://creativecommons.org/licenses/by/4.0/,Décor & Art,downscaled by dataset; no further edits
public/images/products/decor-art-013.jpg,https://m.media-amazon.com/image/I/91iJ14jrzXL.jpg,Amazon.com,https://amazon-berkeley-objects.s3.us-east-1.amazonaws.com/index.html,CC BY 4.0,https://creativecommons.org/licenses/by/4.0/,Décor & Art,downscaled by dataset; no further edits
public/images/products/decor-art-014.jpg,https://m.media-amazon.com/image/I/A1K6r0+UE5L.jpg,Amazon.com,https://amazon-berkeley-objects.s3.us-east-1.amazonaws.com/index.html,CC BY 4.0,https://creativecommons.org/licenses/by/4.0/,Décor & Art,downscaled by dataset; no further edits
public/images/products/decor-art-015.jpg,https://m.media-amazon.com/image/I/81ZT40TSpKL.jpg,Amazon.com,https://amazon-berkeley-objects.s3.us-east-1.amazonaws.com/index.html,CC BY 4.0,https://creativecommons.org/licenses/by/4.0/,Décor & Art,downscaled by dataset; no further edits
public/images/products/decor-art-016.jpg,https://m.media-amazon.com/image/I/9128oq06wnL.jpg,Amazon.com,https://amazon-berkeley-objects.s3.us-east-1.amazonaws.com/index.html,CC BY 4.0,https://creativecommons.org/licenses/by/4.0/,Décor & Art,downscaled by dataset; no further edits
public/images/products/decor-art-017.jpg,https://m.media-amazon.com/image/I/91tEopefC7L.jpg,Amazon.com,https://amazon-berkeley-objects.s3.us-east-1.amazonaws.com/index.html,CC BY 4.0,https://creativecommons.org/licenses/by/4.0/,Décor & Art,downscaled by dataset; no further edits
public/images/products/decor-art-018.jpg,https://m.media-amazon.com/image/I/91vEzEWou2L.jpg,Amazon.com,https://amazon-berkeley-objects.s3.us-east-1.amazonaws.com/index.html,CC BY 4.0,https://creativecommons.org/licenses/by/4.0/,Décor & Art,downscaled by dataset; no further edits
public/images/products/decor-art-019.jpg,https://m.media-amazon.com/image/I/91YfOJ-E0XL.jpg,Amazon.com,https://amazon-berkeley-objects.s3.us-east-1.amazonaws.com/index.html,CC BY 4.0,https://creativecommons.org/licenses/by/4.0/,Décor & Art,downscaled by dataset; no further edits
public/images/products/decor-art-020.jpg,https://m.media-amazon.com/image/I/81o49eCU6YL.jpg,Amazon.com,https://amazon-berkeley-objects.s3.us-east-1.amazonaws.com/index.html,CC BY 4.0,https://creativecommons.org/licenses/by/4.0/,Décor & Art,downscaled by dataset; no further edits
public/images/products/decor-art-021.jpg,https://m.media-amazon.com/image/I/91cRydTWB6L.jpg,Amazon.com,https://amazon-berkeley-objects.s3.us-east-1.amazonaws.com/index.html,CC BY 4.0,https://creativecommons.org/licenses/by/4.0/,Décor & Art,downscaled by dataset; no further edits
public/images/products/decor-art-022.jpg,https://m.media-amazon.com/image/I/91UsqNkBWCL.jpg,Amazon.com,https://amazon-berkeley-objects.s3.us-east-1.amazonaws.com/index.html,CC BY 4.0,https://creativecommons.org/licenses/by/4.0/,Décor & Art,downscaled by dataset; no further edits
public/images/products/decor-art-023.jpg,https://m.media-amazon.com/image/I/81jh2HNVvJL.jpg,Amazon.com,https://amazon-berkeley-objects.s3.us-east-1.amazonaws.com/index.html,CC BY 4.0,https://creativecommons.org/licenses/by/4.0/,Décor & Art,downscaled by dataset; no further edits
public/images/products/decor-art-024.jpg,https://m.media-amazon.com/image/I/A1NhzRTyVQL.jpg,Amazon.com,https://amazon-berkeley-objects.s3.us-east-1.amazonaws.com/index.html,CC BY 4.0,https://creativecommons.org/licenses/by/4.0/,Décor & Art,downscaled by dataset; no further edits
public/images/products/decor-art-025.jpg,https://m.media-amazon.com/image/I/A1xj3Bbd97L.jpg,Amazon.com,https://amazon-berkeley-objects.s3.us-east-1.amazonaws.com/index.html,CC BY 4.0,https://creativecommons.org/licenses/by/4.0/,Décor & Art,downscaled by dataset; no further edits
public/images/products/decor-art-026.jpg,https://m.media-amazon.com/image/I/91ZXZRdSo1L.jpg,Amazon.com,https://amazon-berkeley-objects.s3.us-east-1.amazonaws.com/index.html,CC BY 4.0,https://creativecommons.org/licenses/by/4.0/,Décor & Art,downscaled by dataset; no further edits
public/images/products/decor-art-027.jpg,https://m.media-amazon.com/image/I/91YNxg5hUGL.jpg,Amazon.com,https://amazon-berkeley-objects.s3.us-east-1.amazonaws.com/index.html,CC BY 4.0,https://creativecommons.org/licenses/by/4.0/,Décor & Art,downscaled by dataset; no further edits
public/images/products/decor-art-028.jpg,https://m.media-amazon.com/image/I/81nwhkLlTqL.jpg,Amazon.com,https://amazon-berkeley-objects.s3.us-east-1.amazonaws.com/index.html,CC BY 4.0,https://creativecommons.org/licenses/by/4.0/,Décor & Art,downscaled by dataset; no further edits
public/images/products/decor-art-029.jpg,https://m.media-amazon.com/image/I/91YzWMw-G1L.jpg,Amazon.com,https://amazon-berkeley-objects.s3.us-east-1.amazonaws.com/index.html,CC BY 4.0,https://creativecommons.org/licenses/by/4.0/,Décor & Art,downscaled by dataset; no further edits
public/images/products/decor-art-030.jpg,https://m.media-amazon.com/image/I/9179gJmZI8L.jpg,Amazon.com,https://amazon-berkeley-objects.s3.us-east-1.amazonaws.com/index.html,CC BY 4.0,https://creativecommons.org/licenses/by/4.0/,Décor & Art,downscaled by dataset; no further edits
public/images/products/decor-art-031.jpg,https://m.media-amazon.com/image/I/A18J2481eKL.jpg,Amazon.com,https://amazon-berkeley-objects.s3.us-east-1.amazonaws.com/index.html,CC BY 4.0,https://creativecommons.org/licenses/by/4.0/,Décor & Art,downscaled by dataset; no further edits
public/images/products/decor-art-032.jpg,https://m.media-amazon.com/image/I/917dKsL+zFL.jpg,Amazon.com,https://amazon-berkeley-objects.s3.us-east-1.amazonaws.com/index.html,CC BY 4.0,https://creativecommons.org/licenses/by/4.0/,Décor & Art,downscaled by dataset; no further edits
public/images/products/decor-art-033.jpg,https://m.media-amazon.com/image/I/911Q3Ls7aWL.jpg,Amazon.com,https://amazon-berkeley-objects.s3.us-east-1.amazonaws.com/index.html,CC BY 4.0,https://creativecommons.org/licenses/by/4.0/,Décor & Art,downscaled by dataset; no further edits
public/images/products/decor-art-034.jpg,https://m.media-amazon.com/image/I/9181wlB1c9L.jpg,Amazon.com,https://amazon-berkeley-objects.s3.us-east-1.amazonaws.com/index.html,CC BY 4.0,https://creativecommons.org/licenses/by/4.0/,Décor & Art,downscaled by dataset; no further edits
public/images/products/decor-art-035.jpg,https://m.media-amazon.com/image/I/91Lnk7N91UL.jpg,Amazon.com,https://amazon-berkeley-objects.s3.us-east-1.amazonaws.com/index.html,CC BY 4.0,https://creativecommons.org/licenses/by/4.0/,Décor & Art,downscaled by dataset; no further edits
public/images/products/decor-art-036.jpg,https://m.media-amazon.com/image/I/81V9BMWHpgL.jpg,Amazon.com,https://amazon-berkeley-objects.s3.us-east-1.amazonaws.com/index.html,CC BY 4.0,https://creativecommons.org/licenses/by/4.0/,Décor & Art,downscaled by dataset; no further edits
public/images/products/decor-art-037.jpg,https://m.media-amazon.com/image/I/91IbC3j3kpL.jpg,Amazon.com,https://amazon-berkeley-objects.s3.us-east-1.amazonaws.com/index.html,CC BY 4.0,https://creativecommons.org/licenses/by/4.0/,Décor & Art,downscaled by dataset; no further edits
public/images/products/decor-art-038.jpg,https://m.media-amazon.com/image/I/A1Ln7TdH70L.jpg,Amazon.com,https://amazon-berkeley-objects.s3.us-east-1.amazonaws.com/index.html,CC BY 4.0,https://creativecommons.org/licenses/by/4.0/,Décor & Art,downscaled by dataset; no further edits
public/images/products/decor-art-039.jpg,https://m.media-amazon.com/image/I/81fu88RxbJL.jpg,Amazon.com,https://amazon-berkeley-objects.s3.us-east-1.amazonaws.com/index.html,CC BY 4.0,https://creativecommons.org/licenses/by/4.0/,Décor & Art,downscaled by dataset; no further edits
public/images/products/decor-art-040.jpg,https://m.media-amazon.com/image/I/91au+CZdtvL.jpg,Amazon.com,https://amazon-berkeley-objects.s3.us-east-1.amazonaws.com/index.html,CC BY 4.0,https://creativecommons.org/licenses/by/4.0/,Décor & Art,downscaled by dataset; no further edits
public/images/products/decor-art-041.jpg,https://m.media-amazon.com/image/I/91PYdf4n9ML.jpg,Amazon.com,https://amazon-berkeley-objects.s3.us-east-1.amazonaws.com/index.html,CC BY 4.0,https://creativecommons.org/licenses/by/4.0/,Décor & Art,downscaled by dataset; no further edits
public/images/products/decor-art-042.jpg,https://m.media-amazon.com/image/I/81knTujGEdL.jpg,Amazon.com,https://amazon-berkeley-objects.s3.us-east-1.amazonaws.com/index.html,CC BY 4.0,https://creativecommons.org/licenses/by/4.0/,Décor & Art,downscaled by dataset; no further edits
public/images/products/decor-art-043.jpg,https://m.media-amazon.com/image/I/A1yAeny1KnL.jpg,Amazon.com,https://amazon-berkeley-objects.s3.us-east-1.amazonaws.com/index.html,CC BY 4.0,https://creativecommons.org/licenses/by/4.0/,Décor & Art,downscaled by dataset; no further edits
public/images/products/decor-art-044.jpg,https://m.media-amazon.com/image/I/91Ufc1NKQ-L.jpg,Amazon.com,https://amazon-berkeley-objects.s3.us-east-1.amazonaws.com/index.html,CC BY 4.0,https://creativecommons.org/licenses/by/4.0/,Décor & Art,downscaled by dataset; no further edits
public/images/products/decor-art-045.jpg,https://m.media-amazon.com/image/I/A10-7SdFXTL.jpg,Amazon.com,https://amazon-berkeley-objects.s3.us-east-1.amazonaws.com/index.html,CC BY 4.0,https://creativecommons.org/licenses/by/4.0/,Décor & Art,downscaled by dataset; no further edits
public/images/products/decor-art-046.jpg,https://m.media-amazon.com/image/I/91vPocwEezL.jpg,Amazon.com,https://amazon-berkeley-objects.s3.us-east-1.amazonaws.com/index.html,CC BY 4.0,https://creativecommons.org/licenses/by/4.0/,Décor & Art,downscaled by dataset; no further edits
public/images/products/decor-art-047.jpg,https://m.media-amazon.com/image/I/A1pLn2T7Y+L.jpg,Amazon.com,https://amazon-berkeley-objects.s3.us-east-1.amazonaws.com/index.html,CC BY 4.0,https://creativecommons.org/licenses/by/4.0/,Décor & Art,downscaled by dataset; no further edits
public/images/products/decor-art-048.jpg,https://m.media-amazon.com/image/I/91+MQ3LyFTL.jpg,Amazon.com,https://amazon-berkeley-objects.s3.us-east-1.amazonaws.com/index.html,CC BY 4.0,https://creativecommons.org/licenses/by/4.0/,Décor & Art,downscaled by dataset; no further edits
public/images/products/decor-art-049.jpg,https://m.media-amazon.com/image/I/91d14VpsNtL.jpg,Amazon.com,https://amazon-berkeley-objects.s3.us-east-1.amazonaws.com/index.html,CC BY 4.0,https://creativecommons.org/licenses/by/4.0/,Décor & Art,downscaled by dataset; no further edits
public/images/products/decor-art-050.jpg,https://m.media-amazon.com/image/I/81KixrXjXLL.jpg,Amazon.com,https://amazon-berkeley-objects.s3.us-east-1.amazonaws.com/index.html,CC BY 4.0,https://creativecommons.org/licenses/by/4.0/,Décor & Art,downscaled by dataset; no further edits
public/images/products/decor-art-051.jpg,https://m.media-amazon.com/image/I/91zvuVNDfAL.jpg,Amazon.com,https://amazon-berkeley-objects.s3.us-east-1.amazonaws.com/index.html,CC BY 4.0,https://creativecommons.org/licenses/by/4.0/,Décor & Art,downscaled by dataset; no further edits
public/images/products/decor-art-052.jpg,https://m.media-amazon.com/image/I/A1OXU9u9zPL.jpg,Amazon.com,https://amazon-berkeley-objects.s3.us-east-1.amazonaws.com/index.html,CC BY 4.0,https://creativecommons.org/licenses/by/4.0/,Décor & Art,downscaled by dataset; no further edits
public/images/products/decor-art-053.jpg,https://m.media-amazon.com/image/I/91RnKDhEtBL.jpg,Amazon.com,https://amazon-berkeley-objects.s3.us-east-1.amazonaws.com/index.html,CC BY 4.0,https://creativecommons.org/licenses/by/4.0/,Décor & Art,downscaled by dataset; no further edits
public/images/products/decor-art-054.jpg,https://m.media-amazon.com/image/I/A1brQyviywL.jpg,Amazon.com,https://amazon-berkeley-objects.s3.us-east-1.amazonaws.com/index.html,CC BY 4.0,https://creativecommons.org/licenses/by/4.0/,Décor & Art,downscaled by dataset; no further edits
public/images/products/decor-art-055.jpg,https://m.media-amazon.com/image/I/A1BZGU1cmvL.jpg,Amazon.com,https://amazon-berkeley-objects.s3.us-east-1.amazonaws.com/index.html,CC BY 4.0,https://creativecommons.org/licenses/by/4.0/,Décor & Art,downscaled by dataset; no further edits
public/images/products/decor-art-056.jpg,https://m.media-amazon.com/image/I/91gHugiNFDL.jpg,Amazon.com,https://amazon-berkeley-objects.s3.us-east-1.amazonaws.com/index.html,CC BY 4.0,https://creativecommons.org/licenses/by/4.0/,Décor & Art,downscaled by dataset; no further edits
public/images/products/decor-art-057.jpg,https://m.media-amazon.com/image/I/A1K3BoCGLyL.jpg,Amazon.com,https://amazon-berkeley-objects.s3.us-east-1.amazonaws.com/index.html,CC BY 4.0,https://creativecommons.org/licenses/by/4.0/,Décor & Art,downscaled by dataset; no further edits
public/images/products/decor-art-058.jpg,https://m.media-amazon.com/image/I/91uxVwURsBL.jpg,Amazon.com,https://amazon-berkeley-objects.s3.us-east-1.amazonaws.com/index.html,CC BY 4.0,https://creativecommons.org/licenses/by/4.0/,Décor & Art,downscaled by dataset; no further edits
public/images/products/decor-art-059.jpg,https://m.media-amazon.com/image/I/A1SZecCukrL.jpg,Amazon.com,https://amazon-berkeley-objects.s3.us-east-1.amazonaws.com/index.html,CC BY 4.0,https://creativecommons.org/licenses/by/4.0/,Décor & Art,downscaled by dataset; no further edits
public/images/products/decor-art-060.jpg,https://m.media-amazon.com/image/I/81vX5wbd1oL.jpg,Amazon.com,https://amazon-berkeley-objects.s3.us-east-1.amazonaws.com/index.html,CC BY 4.0,https://creativecommons.org/licenses/by/4.0/,Décor & Art,downscaled by dataset; no further edits
public/images/products/decor-art-061.jpg,https://m.media-amazon.com/image/I/A1yd+Pk15hL.jpg,Amazon.com,https://amazon-berkeley-objects.s3.us-east-1.amazonaws.com/index.html,CC BY 4.0,https://creativecommons.org/licenses/by/4.0/,Décor & Art,downscaled by dataset; no further edits
public/images/products/decor-art-062.jpg,https://m.media-amazon.com/image/I/A16QcHn1cDL.jpg,Amazon.com,https://amazon-berkeley-objects.s3.us-east-1.amazonaws.com/index.html,CC BY 4.0,https://creativecommons.org/licenses/by/4.0/,Décor & Art,downscaled by dataset; no further edits
public/images/products/decor-art-063.jpg,https://m.media-amazon.com/image/I/91Z+Qqsgs7L.jpg,Amazon.com,https://amazon-berkeley-objects.s3.us-east-1.amazonaws.com/index.html,CC BY 4.0,https://creativecommons.org/licenses/by/4.0/,Décor & Art,downscaled by dataset; no further edits
public/images/products/decor-art-064.jpg,https://m.media-amazon.com/image/I/81gsXtdkeGL.jpg,Amazon.com,https://amazon-berkeley-objects.s3.us-east-1.amazonaws.com/index.html,CC BY 4.0,https://creativecommons.org/licenses/by/4.0/,Décor & Art,downscaled by dataset; no further edits
public/images/products/decor-art-065.jpg,https://m.media-amazon.com/image/I/91vFlhey9fL.jpg,Amazon.com,https://amazon-berkeley-objects.s3.us-east-1.amazonaws.com/index.html,CC BY 4.0,https://creativecommons.org/licenses/by/4.0/,Décor & Art,downscaled by dataset; no further edits
public/images/products/decor-art-066.jpg,https://m.media-amazon.com/image/I/A1rNEN9cWwL.jpg,Amazon.com,https://amazon-berkeley-objects.s3.us-east-1.amazonaws.com/index.html,CC BY 4.0,https://creativecommons.org/licenses/by/4.0/,Décor & Art,downscaled by dataset; no further edits
public/images/products/decor-art-067.jpg,https://m.media-amazon.com/image/I/91P8wl2U1RL.jpg,Amazon.com,https://amazon-berkeley-objects.s3.us-east-1.amazonaws.com/index.html,CC BY 4.0,https://creativecommons.org/licenses/by/4.0/,Décor & Art,downscaled by dataset; no further edits
public/images/products/decor-art-068.jpg,https://m.media-amazon.com/image/I/81B2h2KVFcL.jpg,Amazon.com,https://amazon-berkeley-objects.s3.us-east-1.amazonaws.com/index.html,CC BY 4.0,https://creativecommons.org/licenses/by/4.0/,Décor & Art,downscaled by dataset; no further edits
public/images/products/decor-art-069.jpg,https://m.media-amazon.com/image/I/81WiY5UbeHL.jpg,Amazon.com,https://amazon-berkeley-objects.s3.us-east-1.amazonaws.com/index.html,CC BY 4.0,https://creativecommons.org/licenses/by/4.0/,Décor & Art,downscaled by dataset; no further edits
public/images/products/decor-art-070.jpg,https://m.media-amazon.com/image/I/A1XNUwbrc3L.jpg,Amazon.com,https://amazon-berkeley-objects.s3.us-east-1.amazonaws.com/index.html,CC BY 4.0,https://creativecommons.org/licenses/by/4.0/,Décor & Art,downscaled by dataset; no further edits
public/images/products/decor-art-071.jpg,https://m.media-amazon.com/image/I/91Z+c1hgXEL.jpg,Amazon.com,https://amazon-berkeley-objects.s3.us-east-1.amazonaws.com/index.html,CC BY 4.0,https://creativecommons.org/licenses/by/4.0/,Décor & Art,downscaled by dataset; no further edits
public/images/products/decor-art-072.jpg,https://m.media-amazon.com/image/I/91QmHI9siHL.jpg,Amazon.com,https://amazon-berkeley-objects.s3.us-east-1.amazonaws.com/index.html,CC BY 4.0,https://creativecommons.org/licenses/by/4.0/,Décor & Art,downscaled by dataset; no further edits
public/images/products/decor-art-073.jpg,https://m.media-amazon.com/image/I/81sw615p7SL.jpg,Amazon.com,https://amazon-berkeley-objects.s3.us-east-1.amazonaws.com/index.html,CC BY 4.0,https://creativecommons.org/licenses/by/4.0/,Décor & Art,downscaled by dataset; no further edits
public/images/products/decor-art-074.jpg,https://m.media-amazon.com/image/I/91cGKPJy-LL.jpg,Amazon.com,https://amazon-berkeley-objects.s3.us-east-1.amazonaws.com/index.html,CC BY 4.0,https://creativecommons.org/licenses/by/4.0/,Décor & Art,downscaled by dataset; no further edits
public/images/products/decor-art-075.jpg,https://m.media-amazon.com/image/I/91uYGEAwnTL.jpg,Amazon.com,https://amazon-berkeley-objects.s3.us-east-1.amazonaws.com/index.html,CC BY 4.0,https://creativecommons.org/licenses/by/4.0/,Décor & Art,downscaled by dataset; no further edits
public/images/products/decor-art-076.jpg,https://m.media-amazon.com/image/I/91+io6zzwLL.jpg,Amazon.com,https://amazon-berkeley-objects.s3.us-east-1.amazonaws.com/index.html,CC BY 4.0,https://creativecommons.org/licenses/by/4.0/,Décor & Art,downscaled by dataset; no further edits
public/images/products/decor-art-077.jpg,https://m.media-amazon.com/image/I/81QqTR2BWfL.jpg,Amazon.com,https://amazon-berkeley-objects.s3.us-east-1.amazonaws.com/index.html,CC BY 4.0,https://creativecommons.org/licenses/by/4.0/,Décor & Art,downscaled by dataset; no further edits
public/images/products/decor-art-078.jpg,https://m.media-amazon.com/image/I/91n8BxY0fSL.jpg,Amazon.com,https://amazon-berkeley-objects.s3.us-east-1.amazonaws.com/index.html,CC BY 4.0,https://creativecommons.org/licenses/by/4.0/,Décor & Art,downscaled by dataset; no further edits
public/images/products/decor-art-079.jpg,https://m.media-amazon.com/image/I/91U+IR5wYIL.jpg,Amazon.com,https://amazon-berkeley-objects.s3.us-east-1.amazonaws.com/index.html,CC BY 4.0,https://creativecommons.org/licenses/by/4.0/,Décor & Art,downscaled by dataset; no further edits
public/images/products/decor-art-080.jpg,https://m.media-amazon.com/image/I/91aXnU4BDUL.jpg,Amazon.com,https://amazon-berkeley-objects.s3.us-east-1.amazonaws.com/index.html,CC BY 4.0,https://creativecommons.org/licenses/by/4.0/,Décor & Art,downscaled by dataset; no further edits
public/images/products/decor-art-081.jpg,https://m.media-amazon.com/image/I/91QKzxuRHTL.jpg,Amazon.com,https://amazon-berkeley-objects.s3.us-east-1.amazonaws.com/index.html,CC BY 4.0,https://creativecommons.org/licenses/by/4.0/,Décor & Art,downscaled by dataset; no further edits
public/images/products/decor-art-082.jpg,https://m.media-amazon.com/image/I/91FKGk5+vtL.jpg,Amazon.com,https://amazon-berkeley-objects.s3.us-east-1.amazonaws.com/index.html,CC BY 4.0,https://creativecommons.org/licenses/by/4.0/,Décor & Art,downscaled by dataset; no further edits
public/images/products/decor-art-083.jpg,https://m.media-amazon.com/image/I/91qVdtjVzSL.jpg,Amazon.com,https://amazon-berkeley-objects.s3.us-east-1.amazonaws.com/index.html,CC BY 4.0,https://creativecommons.org/licenses/by/4.0/,Décor & Art,downscaled by dataset; no further edits
public/images/products/decor-art-084.jpg,https://m.media-amazon.com/image/I/91LqZhOvBkL.jpg,Amazon.com,https://amazon-berkeley-objects.s3.us-east-1.amazonaws.com/index.html,CC BY 4.0,https://creativecommons.org/licenses/by/4.0/,Décor & Art,downscaled by dataset; no further edits
public/images/products/decor-art-085.jpg,https://m.media-amazon.com/image/I/912AYFP3uYL.jpg,Amazon.com,https://amazon-berkeley-objects.s3.us-east-1.amazonaws.com/index.html,CC BY 4.0,https://creativecommons.org/licenses/by/4.0/,Décor & Art,downscaled by dataset; no further edits
public/images/products/decor-art-086.jpg,https://m.media-amazon.com/image/I/91nucpVFoHL.jpg,Amazon.com,https://amazon-berkeley-objects.s3.us-east-1.amazonaws.com/index.html,CC BY 4.0,https://creativecommons.org/licenses/by/4.0/,Décor & Art,downscaled by dataset; no further edits
public/images/products/decor-art-087.jpg,https://m.media-amazon.com/image/I/81pQWreN17L.jpg,Amazon.com,https://amazon-berkeley-objects.s3.us-east-1.amazonaws.com/index.html,CC BY 4.0,https://creativecommons.org/licenses/by/4.0/,Décor & Art,downscaled by dataset; no further edits
public/images/products/decor-art-088.jpg,https://m.media-amazon.com/image/I/91w1rzHB2zL.jpg,Amazon.com,https://amazon-berkeley-objects.s3.us-east-1.amazonaws.com/index.html,CC BY 4.0,https://creativecommons.org/licenses/by/4.0/,Décor & Art,downscaled by dataset; no further edits
public/images/products/decor-art-089.jpg,https://m.media-amazon.com/image/I/91o-tawxUGL.jpg,Amazon.com,https://amazon-berkeley-objects.s3.us-east-1.amazonaws.com/index.html,CC BY 4.0,https://creativecommons.org/licenses/by/4.0/,Décor & Art,downscaled by dataset; no further edits
public/images/products/decor-art-090.jpg,https://m.media-amazon.com/image/I/81y8Vpa+VNL.jpg,Amazon.com,https://amazon-berkeley-objects.s3.us-east-1.amazonaws.com/index.html,CC BY 4.0,https://creativecommons.org/licenses/by/4.0/,Décor & Art,downscaled by dataset; no further edits
public/images/products/decor-art-091.jpg,https://m.media-amazon.com/image/I/815TAmCuAIL.jpg,Amazon.com,https://amazon-berkeley-objects.s3.us-east-1.amazonaws.com/index.html,CC BY 4.0,https://creativecommons.org/licenses/by/4.0/,Décor & Art,downscaled by dataset; no further edits
public/images/products/decor-art-092.jpg,https://m.media-amazon.com/image/I/91LmX2kQ4DL.jpg,Amazon.com,https://amazon-berkeley-objects.s3.us-east-1.amazonaws.com/index.html,CC BY 4.0,https://creativecommons.org/licenses/by/4.0/,Décor & Art,downscaled by dataset; no further edits
public/images/products/decor-art-093.jpg,https://m.media-amazon.com/image/I/91hCg-1mfzL.jpg,Amazon.com,https://amazon-berkeley-objects.s3.us-east-1.amazonaws.com/index.html,CC BY 4.0,https://creativecommons.org/licenses/by/4.0/,Décor & Art,downscaled by dataset; no further edits
public/images/products/decor-art-094.jpg,https://m.media-amazon.com/image/I/51p+4zfl1+L.jpg,Amazon.com,https://amazon-berkeley-objects.s3.us-east-1.amazonaws.com/index.html,CC BY 4.0,https://creativecommons.org/licenses/by/4.0/,Décor & Art,downscaled by dataset; no further edits
public/images/products/decor-art-095.jpg,https://m.media-amazon.com/image/I/9115snUS-KL.jpg,Amazon.com,https://amazon-berkeley-objects.s3.us-east-1.amazonaws.com/index.html,CC BY 4.0,https://creativecommons.org/licenses/by/4.0/,Décor & Art,downscaled by dataset; no further edits
public/images/products/decor-art-096.jpg,https://m.media-amazon.com/image/I/91vMNogsTkL.jpg,Amazon.com,https://amazon-berkeley-objects.s3.us-east-1.amazonaws.com/index.html,CC BY 4.0,https://creativecommons.org/licenses/by/4.0/,Décor & Art,downscaled by dataset; no further edits
public/images/products/decor-art-097.jpg,https://m.media-amazon.com/image/I/91prD-XbvBL.jpg,Amazon.com,https://amazon-berkeley-objects.s3.us-east-1.amazonaws.com/index.html,CC BY 4.0,https://creativecommons.org/licenses/by/4.0/,Décor & Art,downscaled by dataset; no further edits
public/images/products/decor-art-098.jpg,https://m.media-amazon.com/image/I/81YEwuAaTsL.jpg,Amazon.com,https://amazon-berkeley-objects.s3.us-east-1.amazonaws.com/index.html,CC BY 4.0,https://creativecommons.org/licenses/by/4.0/,Décor & Art,downscaled by dataset; no further edits
public/images/products/decor-art-099.jpg,https://m.media-amazon.com/image/I/91sIfUWdLrL.jpg,Amazon.com,https://amazon-berkeley-objects.s3.us-east-1.amazonaws.com/index.html,CC BY 4.0,https://creativecommons.org/licenses/by/4.0/,Décor & Art,downscaled by dataset; no further edits
public/images/products/decor-art-100.jpg,https://m.media-amazon.com/image/I/91oxBNIYEAL.jpg,Amazon.com,https://amazon-berkeley-objects.s3.us-east-1.amazonaws.com/index.html,CC BY 4.0,https://creativecommons.org/licenses/by/4.0/,Décor & Art,downscaled by dataset; no further edits
public/images/products/home-furniture-001.jpg,https://m.media-amazon.com/image/I/71mxxlr7oML.jpg,Amazon.com,https://amazon-berkeley-objects.s3.us-east-1.amazonaws.com/index.html,CC BY 4.0,https://creativecommons.org/licenses/by/4.0/,Home & Furniture,downscaled by dataset; no further edits
public/images/products/home-furniture-002.jpg,https://m.media-amazon.com/image/I/61svJFXfxXL.jpg,Amazon.com,https://amazon-berkeley-objects.s3.us-east-1.amazonaws.com/index.html,CC BY 4.0,https://creativecommons.org/licenses/by/4.0/,Home & Furniture,downscaled by dataset; no further edits
public/images/products/home-furniture-003.jpg,https://m.media-amazon.com/image/I/81lS5wQWnKL.jpg,Amazon.com,https://amazon-berkeley-objects.s3.us-east-1.amazonaws.com/index.html,CC BY 4.0,https://creativecommons.org/licenses/by/4.0/,Home & Furniture,downscaled by dataset; no further edits
public/images/products/home-furniture-004.jpg,https://m.media-amazon.com/image/I/81GJsu53m2L.jpg,Amazon.com,https://amazon-berkeley-objects.s3.us-east-1.amazonaws.com/index.html,CC BY 4.0,https://creativecommons.org/licenses/by/4.0/,Home & Furniture,downscaled by dataset; no further edits
public/images/products/home-furniture-005.jpg,https://m.media-amazon.com/image/I/414mHl8CHsL.jpg,Amazon.com,https://amazon-berkeley-objects.s3.us-east-1.amazonaws.com/index.html,CC BY 4.0,https://creativecommons.org/licenses/by/4.0/,Home & Furniture,downscaled by dataset; no further edits
public/images/products/home-furniture-006.jpg,https://m.media-amazon.com/image/I/91qH03ITBlL.jpg,Amazon.com,https://amazon-berkeley-objects.s3.us-east-1.amazonaws.com/index.html,CC BY 4.0,https://creativecommons.org/licenses/by/4.0/,Home & Furniture,downscaled by dataset; no further edits
public/images/products/home-furniture-007.jpg,https://m.media-amazon.com/image/I/91j1cS24KUL.jpg,Amazon.com,https://amazon-berkeley-objects.s3.us-east-1.amazonaws.com/index.html,CC BY 4.0,https://creativecommons.org/licenses/by/4.0/,Home & Furniture,downscaled by dataset; no further edits
public/images/products/home-furniture-008.jpg,https://m.media-amazon.com/image/I/71ttdnXGDEL.jpg,Amazon.com,https://amazon-berkeley-objects.s3.us-east-1.amazonaws.com/index.html,CC BY 4.0,https://creativecommons.org/licenses/by/4.0/,Home & Furniture,downscaled by dataset; no further edits
public/images/products/home-furniture-009.jpg,https://m.media-amazon.com/image/I/51q5+JcqX2L.jpg,Amazon.com,https://amazon-berkeley-objects.s3.us-east-1.amazonaws.com/index.html,CC BY 4.0,https://creativecommons.org/licenses/by/4.0/,Home & Furniture,downscaled by dataset; no further edits
public/images/products/home-furniture-010.jpg,https://m.media-amazon.com/image/I/71nuCpCq5zL.jpg,Amazon.com,https://amazon-berkeley-objects.s3.us-east-1.amazonaws.com/index.html,CC BY 4.0,https://creativecommons.org/licenses/by/4.0/,Home & Furniture,downscaled by dataset; no further edits
public/images/products/home-furniture-011.jpg,https://m.media-amazon.com/image/I/610D4ZpucXL.jpg,Amazon.com,https://amazon-berkeley-objects.s3.us-east-1.amazonaws.com/index.html,CC BY 4.0,https://creativecommons.org/licenses/by/4.0/,Home & Furniture,downscaled by dataset; no further edits
public/images/products/home-furniture-012.jpg,https://m.media-amazon.com/image/I/81+DvQP15iL.jpg,Amazon.com,https://amazon-berkeley-objects.s3.us-east-1.amazonaws.com/index.html,CC BY 4.0,https://creativecommons.org/licenses/by/4.0/,Home & Furniture,downscaled by dataset; no further edits
public/images/products/home-furniture-013.jpg,https://m.media-amazon.com/image/I/717REiWIZSL.jpg,Amazon.com,https://amazon-berkeley-objects.s3.us-east-1.amazonaws.com/index.html,CC BY 4.0,https://creativecommons.org/licenses/by/4.0/,Home & Furniture,downscaled by dataset; no further edits
public/images/products/home-furniture-014.jpg,https://m.media-amazon.com/image/I/61cuVkCUV8L.jpg,Amazon.com,https://amazon-berkeley-objects.s3.us-east-1.amazonaws.com/index.html,CC BY 4.0,https://creativecommons.org/licenses/by/4.0/,Home & Furniture,downscaled by dataset; no further edits
public/images/products/home-furniture-015.jpg,https://m.media-amazon.com/image/I/61xPby6gUcL.jpg,Amazon.com,https://amazon-berkeley-objects.s3.us-east-1.amazonaws.com/index.html,CC BY 4.0,https://creativecommons.org/licenses/by/4.0/,Home & Furniture,downscaled by dataset; no further edits
public/images/products/home-furniture-016.jpg,https://m.media-amazon.com/image/I/71Bfj4Vc6CL.jpg,Amazon.com,https://amazon-berkeley-objects.s3.us-east-1.amazonaws.com/index.html,CC BY 4.0,https://creativecommons.org/licenses/by/4.0/,Home & Furniture,downscaled by dataset; no further edits
public/images/products/home-furniture-017.jpg,https://m.media-amazon.com/image/I/71bGnZ9jo1L.jpg,Amazon.com,https://amazon-berkeley-objects.s3.us-east-1.amazonaws.com/index.html,CC BY 4.0,https://creativecommons.org/licenses/by/4.0/,Home & Furniture,downscaled by dataset; no further edits
public/images/products/home-furniture-018.jpg,https://m.media-amazon.com/image/I/810iipbuhZL.jpg,Amazon.com,https://amazon-berkeley-objects.s3.us-east-1.amazonaws.com/index.html,CC BY 4.0,https://creativecommons.org/licenses/by/4.0/,Home & Furniture,downscaled by dataset; no further edits
public/images/products/home-furniture-019.jpg,https://m.media-amazon.com/image/I/71Xjozh50GL.jpg,Amazon.com,https://amazon-berkeley-objects.s3.us-east-1.amazonaws.com/index.html,CC BY 4.0,https://creativecommons.org/licenses/by/4.0/,Home & Furniture,downscaled by dataset; no further edits
public/images/products/home-furniture-020.jpg,https://m.media-amazon.com/image/I/71kWW4vH0ML.jpg,Amazon.com,https://amazon-berkeley-objects.s3.us-east-1.amazonaws.com/index.html,CC BY 4.0,https://creativecommons.org/licenses/by/4.0/,Home & Furniture,downscaled by dataset; no further edits
public/images/products/home-furniture-021.jpg,https://m.media-amazon.com/image/I/61meDRZr-JL.jpg,Amazon.com,https://amazon-berkeley-objects.s3.us-east-1.amazonaws.com/index.html,CC BY 4.0,https://creativecommons.org/licenses/by/4.0/,Home & Furniture,downscaled by dataset; no further edits
public/images/products/home-furniture-022.jpg,https://m.media-amazon.com/image/I/81JPpRksxWL.jpg,Amazon.com,https://amazon-berkeley-objects.s3.us-east-1.amazonaws.com/index.html,CC BY 4.0,https://creativecommons.org/licenses/by/4.0/,Home & Furniture,downscaled by dataset; no further edits
public/images/products/home-furniture-023.jpg,https://m.media-amazon.com/image/I/81tDegaK7zL.jpg,Amazon.com,https://amazon-berkeley-objects.s3.us-east-1.amazonaws.com/index.html,CC BY 4.0,https://creativecommons.org/licenses/by/4.0/,Home & Furniture,downscaled by dataset; no further edits
public/images/products/home-furniture-024.jpg,https://m.media-amazon.com/image/I/81WGvQE9FOL.jpg,Amazon.com,https://amazon-berkeley-objects.s3.us-east-1.amazonaws.com/index.html,CC BY 4.0,https://creativecommons.org/licenses/by/4.0/,Home & Furniture,downscaled by dataset; no further edits
public/images/products/home-furniture-025.jpg,https://m.media-amazon.com/image/I/81p8SkpTUML.jpg,Amazon.com,https://amazon-berkeley-objects.s3.us-east-1.amazonaws.com/index.html,CC BY 4.0,https://creativecommons.org/licenses/by/4.0/,Home & Furniture,downscaled by dataset; no further edits
public/images/products/home-furniture-026.jpg,https://m.media-amazon.com/image/I/719ZlPBUOGL.jpg,Amazon.com,https://amazon-berkeley-objects.s3.us-east-1.amazonaws.com/index.html,CC BY 4.0,https://creativecommons.org/licenses/by/4.0/,Home & Furniture,downscaled by dataset; no further edits
public/images/products/home-furniture-027.jpg,https://m.media-amazon.com/image/I/8173QKvNWXL.jpg,Amazon.com,https://amazon-berkeley-objects.s3.us-east-1.amazonaws.com/index.html,CC BY 4.0,https://creativecommons.org/licenses/by/4.0/,Home & Furniture,downscaled by dataset; no further edits
public/images/products/home-furniture-028.jpg,https://m.media-amazon.com/image/I/81zZAqhnM4L.jpg,Amazon.com,https://amazon-berkeley-objects.s3.us-east-1.amazonaws.com/index.html,CC BY 4.0,https://creativecommons.org/licenses/by/4.0/,Home & Furniture,downscaled by dataset; no further edits
public/images/products/home-furniture-029.jpg,https://m.media-amazon.com/image/I/71HJ13Nr4sL.jpg,Amazon.com,https://amazon-berkeley-objects.s3.us-east-1.amazonaws.com/index.html,CC BY 4.0,https://creativecommons.org/licenses/by/4.0/,Home & Furniture,downscaled by dataset; no further edits
public/images/products/home-furniture-030.jpg,https://m.media-amazon.com/image/I/81FondaEe6L.jpg,Amazon.com,https://amazon-berkeley-objects.s3.us-east-1.amazonaws.com/index.html,CC BY 4.0,https://creativecommons.org/licenses/by/4.0/,Home & Furniture,downscaled by dataset; no further edits
public/images/products/home-furniture-031.jpg,https://m.media-amazon.com/image/I/814RxtIo1YL.jpg,Amazon.com,https://amazon-berkeley-objects.s3.us-east-1.amazonaws.com/index.html,CC BY 4.0,https://creativecommons.org/licenses/by/4.0/,Home & Furniture,downscaled by dataset; no further edits
public/images/products/home-furniture-032.jpg,https://m.media-amazon.com/image/I/81Wf35W6rRL.jpg,Amazon.com,https://amazon-berkeley-objects.s3.us-east-1.amazonaws.com/index.html,CC BY 4.0,https://creativecommons.org/licenses/by/4.0/,Home & Furniture,downscaled by dataset; no further edits
public/images/products/home-furniture-033.jpg,https://m.media-amazon.com/image/I/81pjIUGUb1L.jpg,Amazon.com,https://amazon-berkeley-objects.s3.us-east-1.amazonaws.com/index.html,CC BY 4.0,https://creativecommons.org/licenses/by/4.0/,Home & Furniture,downscaled by dataset; no further edits
public/images/products/home-furniture-034.jpg,https://m.media-amazon.com/image/I/71WXUFYSFgL.jpg,Amazon.com,https://amazon-berkeley-objects.s3.us-east-1.amazonaws.com/index.html,CC BY 4.0,https://creativecommons.org/licenses/by/4.0/,Home & Furniture,downscaled by dataset; no further edits
public/images/products/home-furniture-035.jpg,https://m.media-amazon.com/image/I/717oJybLo5L.jpg,Amazon.com,https://amazon-berkeley-objects.s3.us-east-1.amazonaws.com/index.html,CC BY 4.0,https://creativecommons.org/licenses/by/4.0/,Home & Furniture,downscaled by dataset; no further edits
public/images/products/home-furniture-036.jpg,https://m.media-amazon.com/image/I/71fXyIPzmkL.jpg,Amazon.com,https://amazon-berkeley-objects.s3.us-east-1.amazonaws.com/index.html,CC BY 4.0,https://creativecommons.org/licenses/by/4.0/,Home & Furniture,downscaled by dataset; no further edits
public/images/products/home-furniture-037.jpg,https://m.media-amazon.com/image/I/71+Os8Dzl1L.jpg,Amazon.com,https://amazon-berkeley-objects.s3.us-east-1.amazonaws.com/index.html,CC BY 4.0,https://creativecommons.org/licenses/by/4.0/,Home & Furniture,downscaled by dataset; no further edits
public/images/products/home-furniture-038.jpg,https://m.media-amazon.com/image/I/71whn3ilwVL.jpg,Amazon.com,https://amazon-berkeley-objects.s3.us-east-1.amazonaws.com/index.html,CC BY 4.0,https://creativecommons.org/licenses/by/4.0/,Home & Furniture,downscaled by dataset; no further edits
public/images/products/home-furniture-039.jpg,https://m.media-amazon.com/image/I/61jDxzIsQrL.jpg,Amazon.com,https://amazon-berkeley-objects.s3.us-east-1.amazonaws.com/index.html,CC BY 4.0,https://creativecommons.org/licenses/by/4.0/,Home & Furniture,downscaled by dataset; no further edits
public/images/products/home-furniture-040.jpg,https://m.media-amazon.com/image/I/61KSSZldr5L.jpg,Amazon.com,https://amazon-berkeley-objects.s3.us-east-1.amazonaws.com/index.html,CC BY 4.0,https://creativecommons.org/licenses/by/4.0/,Home & Furniture,downscaled by dataset; no further edits
public/images/products/home-furniture-041.jpg,https://m.media-amazon.com/image/I/71EXq4pIxwL.jpg,Amazon.com,https://amazon-berkeley-objects.s3.us-east-1.amazonaws.com/index.html,CC BY 4.0,https://creativecommons.org/licenses/by/4.0/,Home & Furniture,downscaled by dataset; no further edits
public/images/products/home-furniture-042.jpg,https://m.media-amazon.com/image/I/81mx9YW54sL.jpg,Amazon.com,https://amazon-berkeley-objects.s3.us-east-1.amazonaws.com/index.html,CC BY 4.0,https://creativecommons.org/licenses/by/4.0/,Home & Furniture,downscaled by dataset; no further edits
public/images/products/home-furniture-043.jpg,https://m.media-amazon.com/image/I/81myVCCpUgL.jpg,Amazon.com,https://amazon-berkeley-objects.s3.us-east-1.amazonaws.com/index.html,CC BY 4.0,https://creativecommons.org/licenses/by/4.0/,Home & Furniture,downscaled by dataset; no further edits
public/images/products/home-furniture-044.jpg,https://m.media-amazon.com/image/I/71LXa0QPbfL.jpg,Amazon.com,https://amazon-berkeley-objects.s3.us-east-1.amazonaws.com/index.html,CC BY 4.0,https://creativecommons.org/licenses/by/4.0/,Home & Furniture,downscaled by dataset; no further edits
public/images/products/home-furniture-045.jpg,https://m.media-amazon.com/image/I/61tvhS70IrL.jpg,Amazon.com,https://amazon-berkeley-objects.s3.us-east-1.amazonaws.com/index.html,CC BY 4.0,https://creativecommons.org/licenses/by/4.0/,Home & Furniture,downscaled by dataset; no further edits
public/images/products/home-furniture-046.jpg,https://m.media-amazon.com/image/I/61hAY8w513L.jpg,Amazon.com,https://amazon-berkeley-objects.s3.us-east-1.amazonaws.com/index.html,CC BY 4.0,https://creativecommons.org/licenses/by/4.0/,Home & Furniture,downscaled by dataset; no further edits
public/images/products/home-furniture-047.jpg,https://m.media-amazon.com/image/I/81-fBblAP1L.jpg,Amazon.com,https://amazon-berkeley-objects.s3.us-east-1.amazonaws.com/index.html,CC BY 4.0,https://creativecommons.org/licenses/by/4.0/,Home & Furniture,downscaled by dataset; no further edits
public/images/products/home-furniture-048.jpg,https://m.media-amazon.com/image/I/71GRK3Z+23L.jpg,Amazon.com,https://amazon-berkeley-objects.s3.us-east-1.amazonaws.com/index.html,CC BY 4.0,https://creativecommons.org/licenses/by/4.0/,Home & Furniture,downscaled by dataset; no further edits
public/images/products/home-furniture-049.jpg,https://m.media-amazon.com/image/I/81zFVRjcc5L.jpg,Amazon.com,https://amazon-berkeley-objects.s3.us-east-1.amazonaws.com/index.html,CC BY 4.0,https://creativecommons.org/licenses/by/4.0/,Home & Furniture,downscaled by dataset; no further edits
public/images/products/home-furniture-050.jpg,https://m.media-amazon.com/image/I/71a07FoLRvL.jpg,Amazon.com,https://amazon-berkeley-objects.s3.us-east-1.amazonaws.com/index.html,CC BY 4.0,https://creativecommons.org/licenses/by/4.0/,Home & Furniture,downscaled by dataset; no further edits
public/images/products/home-furniture-051.jpg,https://m.media-amazon.com/image/I/81BxcW+91EL.jpg,Amazon.com,https://amazon-berkeley-objects.s3.us-east-1.amazonaws.com/index.html,CC BY 4.0,https://creativecommons.org/licenses/by/4.0/,Home & Furniture,downscaled by dataset; no further edits
public/images/products/home-furniture-052.jpg,https://m.media-amazon.com/image/I/81Mi5sNKGFL.jpg,Amazon.com,https://amazon-berkeley-objects.s3.us-east-1.amazonaws.com/index.html,CC BY 4.0,https://creativecommons.org/licenses/by/4.0/,Home & Furniture,downscaled by dataset; no further edits
public/images/products/home-furniture-053.jpg,https://m.media-amazon.com/image/I/711pEuWw7XL.jpg,Amazon.com,https://amazon-berkeley-objects.s3.us-east-1.amazonaws.com/index.html,CC BY 4.0,https://creativecommons.org/licenses/by/4.0/,Home & Furniture,downscaled by dataset; no further edits
public/images/products/home-furniture-054.jpg,https://m.media-amazon.com/image/I/71Fu69f0KmL.jpg,Amazon.com,https://amazon-berkeley-objects.s3.us-east-1.amazonaws.com/index.html,CC BY 4.0,https://creativecommons.org/licenses/by/4.0/,Home & Furniture,downscaled by dataset; no further edits
public/images/products/home-furniture-055.jpg,https://m.media-amazon.com/image/I/71ccVVNtoHL.jpg,Amazon.com,https://amazon-berkeley-objects.s3.us-east-1.amazonaws.com/index.html,CC BY 4.0,https://creativecommons.org/licenses/by/4.0/,Home & Furniture,downscaled by dataset; no further edits
public/images/products/home-furniture-056.jpg,https://m.media-amazon.com/image/I/81rKVQV3reL.jpg,Amazon.com,https://amazon-berkeley-objects.s3.us-east-1.amazonaws.com/index.html,CC BY 4.0,https://creativecommons.org/licenses/by/4.0/,Home & Furniture,downscaled by dataset; no further edits
public/images/products/home-furniture-057.jpg,https://m.media-amazon.com/image/I/71hyRObmmDL.jpg,Amazon.com,https://amazon-berkeley-objects.s3.us-east-1.amazonaws.com/index.html,CC BY 4.0,https://creativecommons.org/licenses/by/4.0/,Home & Furniture,downscaled by dataset; no further edits
public/images/products/home-furniture-058.jpg,https://m.media-amazon.com/image/I/71NxNbL3-AL.jpg,Amazon.com,https://amazon-berkeley-objects.s3.us-east-1.amazonaws.com/index.html,CC BY 4.0,https://creativecommons.org/licenses/by/4.0/,Home & Furniture,downscaled by dataset; no further edits
public/images/products/home-furniture-059.jpg,https://m.media-amazon.com/image/I/71XoGiJXg3L.jpg,Amazon.com,https://amazon-berkeley-objects.s3.us-east-1.amazonaws.com/index.html,CC BY 4.0,https://creativecommons.org/licenses/by/4.0/,Home & Furniture,downscaled by dataset; no further edits
public/images/products/home-furniture-060.jpg,https://m.media-amazon.com/image/I/81jjhIdyMqL.jpg,Amazon.com,https://amazon-berkeley-objects.s3.us-east-1.amazonaws.com/index.html,CC BY 4.0,https://creativecommons.org/licenses/by/4.0/,Home & Furniture,downscaled by dataset; no further edits
public/images/products/home-furniture-061.jpg,https://m.media-amazon.com/image/I/71KadCl5UgL.jpg,Amazon.com,https://amazon-berkeley-objects.s3.us-east-1.amazonaws.com/index.html,CC BY 4.0,https://creativecommons.org/licenses/by/4.0/,Home & Furniture,downscaled by dataset; no further edits
public/images/products/home-furniture-062.jpg,https://m.media-amazon.com/image/I/71+SaYH2YkL.jpg,Amazon.com,https://amazon-berkeley-objects.s3.us-east-1.amazonaws.com/index.html,CC BY 4.0,https://creativecommons.org/licenses/by/4.0/,Home & Furniture,downscaled by dataset; no further edits
public/images/products/home-furniture-063.jpg,https://m.media-amazon.com/image/I/71uSzce2hfL.jpg,Amazon.com,https://amazon-berkeley-objects.s3.us-east-1.amazonaws.com/index.html,CC BY 4.0,https://creativecommons.org/licenses/by/4.0/,Home & Furniture,downscaled by dataset; no further edits
public/images/products/home-furniture-064.jpg,https://m.media-amazon.com/image/I/718DLZh2RGL.jpg,Amazon.com,https://amazon-berkeley-objects.s3.us-east-1.amazonaws.com/index.html,CC BY 4.0,https://creativecommons.org/licenses/by/4.0/,Home & Furniture,downscaled by dataset; no further edits
public/images/products/home-furniture-065.jpg,https://m.media-amazon.com/image/I/71Ul0O03KRL.jpg,Amazon.com,https://amazon-berkeley-objects.s3.us-east-1.amazonaws.com/index.html,CC BY 4.0,https://creativecommons.org/licenses/by/4.0/,Home & Furniture,downscaled by dataset; no further edits
public/images/products/home-furniture-066.jpg,https://m.media-amazon.com/image/I/81aa56ZxG0L.jpg,Amazon.com,https://amazon-berkeley-objects.s3.us-east-1.amazonaws.com/index.html,CC BY 4.0,https://creativecommons.org/licenses/by/4.0/,Home & Furniture,downscaled by dataset; no further edits
public/images/products/home-furniture-067.jpg,https://m.media-amazon.com/image/I/81TpJCU++jL.jpg,Amazon.com,https://amazon-berkeley-objects.s3.us-east-1.amazonaws.com/index.html,CC BY 4.0,https://creativecommons.org/licenses/by/4.0/,Home & Furniture,downscaled by dataset; no further edits
public/images/products/home-furniture-068.jpg,https://m.media-amazon.com/image/I/91BPcP79pqL.jpg,Amazon.com,https://amazon-berkeley-objects.s3.us-east-1.amazonaws.com/index.html,CC BY 4.0,https://creativecommons.org/licenses/by/4.0/,Home & Furniture,downscaled by dataset; no further edits
public/images/products/home-furniture-069.jpg,https://m.media-amazon.com/image/I/91vxRgRP9WL.jpg,Amazon.com,https://amazon-berkeley-objects.s3.us-east-1.amazonaws.com/index.html,CC BY 4.0,https://creativecommons.org/licenses/by/4.0/,Home & Furniture,downscaled by dataset; no further edits
public/images/products/home-furniture-070.jpg,https://m.media-amazon.com/image/I/61m-iyrxoVL.jpg,Amazon.com,https://amazon-berkeley-objects.s3.us-east-1.amazonaws.com/index.html,CC BY 4.0,https://creativecommons.org/licenses/by/4.0/,Home & Furniture,downscaled by dataset; no further edits
public/images/products/home-furniture-071.jpg,https://m.media-amazon.com/image/I/71SFQWgFO9L.jpg,Amazon.com,https://amazon-berkeley-objects.s3.us-east-1.amazonaws.com/index.html,CC BY 4.0,https://creativecommons.org/licenses/by/4.0/,Home & Furniture,downscaled by dataset; no further edits
public/images/products/home-furniture-072.jpg,https://m.media-amazon.com/image/I/81Wj9RpekEL.jpg,Amazon.com,https://amazon-berkeley-objects.s3.us-east-1.amazonaws.com/index.html,CC BY 4.0,https://creativecommons.org/licenses/by/4.0/,Home & Furniture,downscaled by dataset; no further edits
public/images/products/home-furniture-073.jpg,https://m.media-amazon.com/image/I/81zUnVzkiqL.jpg,Amazon.com,https://amazon-berkeley-objects.s3.us-east-1.amazonaws.com/index.html,CC BY 4.0,https://creativecommons.org/licenses/by/4.0/,Home & Furniture,downscaled by dataset; no further edits
public/images/products/home-furniture-074.jpg,https://m.media-amazon.com/image/I/71Ql-w1ZMsL.jpg,Amazon.com,https://amazon-berkeley-objects.s3.us-east-1.amazonaws.com/index.html,CC BY 4.0,https://creativecommons.org/licenses/by/4.0/,Home & Furniture,downscaled by dataset; no further edits
public/images/products/home-furniture-075.jpg,https://m.media-amazon.com/image/I/71hGC3uk5NL.jpg,Amazon.com,https://amazon-berkeley-objects.s3.us-east-1.amazonaws.com/index.html,CC BY 4.0,https://creativecommons.org/licenses/by/4.0/,Home & Furniture,downscaled by dataset; no further edits
public/images/products/home-furniture-076.jpg,https://m.media-amazon.com/image/I/71jjgHzpPgL.jpg,Amazon.com,https://amazon-berkeley-objects.s3.us-east-1.amazonaws.com/index.html,CC BY 4.0,https://creativecommons.org/licenses/by/4.0/,Home & Furniture,downscaled by dataset; no further edits
public/images/products/home-furniture-077.jpg,https://m.media-amazon.com/image/I/91TpiVYzbTL.jpg,Amazon.com,https://amazon-berkeley-objects.s3.us-east-1.amazonaws.com/index.html,CC BY 4.0,https://creativecommons.org/licenses/by/4.0/,Home & Furniture,downscaled by dataset; no further edits
public/images/products/home-furniture-078.jpg,https://m.media-amazon.com/image/I/91UhhzzqkpL.jpg,Amazon.com,https://amazon-berkeley-objects.s3.us-east-1.amazonaws.com/index.html,CC BY 4.0,https://creativecommons.org/licenses/by/4.0/,Home & Furniture,downscaled by dataset; no further edits
public/images/products/home-furniture-079.jpg,https://m.media-amazon.com/image/I/91vAcIXndYL.jpg,Amazon.com,https://amazon-berkeley-objects.s3.us-east-1.amazonaws.com/index.html,CC BY 4.0,https://creativecommons.org/licenses/by/4.0/,Home & Furniture,downscaled by dataset; no further edits
public/images/products/home-furniture-080.jpg,https://m.media-amazon.com/image/I/51beCZ2SjZL.jpg,Amazon.com,https://amazon-berkeley-objects.s3.us-east-1.amazonaws.com/index.html,CC BY 4.0,https://creativecommons.org/licenses/by/4.0/,Home & Furniture,downscaled by dataset; no further edits
public/images/products/home-furniture-081.jpg,https://m.media-amazon.com/image/I/71FcEjF11tL.jpg,Amazon.com,https://amazon-berkeley-objects.s3.us-east-1.amazonaws.com/index.html,CC BY 4.0,https://creativecommons.org/licenses/by/4.0/,Home & Furniture,downscaled by dataset; no further edits
public/images/products/home-furniture-082.jpg,https://m.media-amazon.com/image/I/61GfSy93HjL.jpg,Amazon.com,https://amazon-berkeley-objects.s3.us-east-1.amazonaws.com/index.html,CC BY 4.0,https://creativecommons.org/licenses/by/4.0/,Home & Furniture,downscaled by dataset; no further edits
public/images/products/home-furniture-083.jpg,https://m.media-amazon.com/image/I/71VTXkUrRgL.jpg,Amazon.com,https://amazon-berkeley-objects.s3.us-east-1.amazonaws.com/index.html,CC BY 4.0,https://creativecommons.org/licenses/by/4.0/,Home & Furniture,downscaled by dataset; no further edits
public/images/products/home-furniture-084.jpg,https://m.media-amazon.com/image/I/81PJEbYYpTL.jpg,Amazon.com,https://amazon-berkeley-objects.s3.us-east-1.amazonaws.com/index.html,CC BY 4.0,https://creativecommons.org/licenses/by/4.0/,Home & Furniture,downscaled by dataset; no further edits
public/images/products/home-furniture-085.jpg,https://m.media-amazon.com/image/I/81EUUPJAR8L.jpg,Amazon.com,https://amazon-berkeley-objects.s3.us-east-1.amazonaws.com/index.html,CC BY 4.0,https://creativecommons.org/licenses/by/4.0/,Home & Furniture,downscaled by dataset; no further edits
public/images/products/home-furniture-086.jpg,https://m.media-amazon.com/image/I/81TVLYvMD4L.jpg,Amazon.com,https://amazon-berkeley-objects.s3.us-east-1.amazonaws.com/index.html,CC BY 4.0,https://creativecommons.org/licenses/by/4.0/,Home & Furniture,downscaled by dataset; no further edits
public/images/products/home-furniture-087.jpg,https://m.media-amazon.com/image/I/71jokuF0jlL.jpg,Amazon.com,https://amazon-berkeley-objects.s3.us-east-1.amazonaws.com/index.html,CC BY 4.0,https://creativecommons.org/licenses/by/4.0/,Home & Furniture,downscaled by dataset; no further edits
public/images/products/home-furniture-088.jpg,https://m.media-amazon.com/image/I/71UwQuJaF7L.jpg,Amazon.com,https://amazon-berkeley-objects.s3.us-east-1.amazonaws.com/index.html,CC BY 4.0,https://creativecommons.org/licenses/by/4.0/,Home & Furniture,downscaled by dataset; no further edits
public/images/products/home-furniture-089.jpg,https://m.media-amazon.com/image/I/81gtvbZe2FL.jpg,Amazon.com,https://amazon-berkeley-objects.s3.us-east-1.amazonaws.com/index.html,CC BY 4.0,https://creativecommons.org/licenses/by/4.0/,Home & Furniture,downscaled by dataset; no further edits
public/images/products/home-furniture-090.jpg,https://m.media-amazon.com/image/I/71ifa6DT8fL.jpg,Amazon.com,https://amazon-berkeley-objects.s3.us-east-1.amazonaws.com/index.html,CC BY 4.0,https://creativecommons.org/licenses/by/4.0/,Home & Furniture,downscaled by dataset; no further edits
public/images/products/home-furniture-091.jpg,https://m.media-amazon.com/image/I/71KKapAlAuL.jpg,Amazon.com,https://amazon-berkeley-objects.s3.us-east-1.amazonaws.com/index.html,CC BY 4.0,https://creativecommons.org/licenses/by/4.0/,Home & Furniture,downscaled by dataset; no further edits
public/images/products/home-furniture-092.jpg,https://m.media-amazon.com/image/I/71sxticGd4L.jpg,Amazon.com,https://amazon-berkeley-objects.s3.us-east-1.amazonaws.com/index.html,CC BY 4.0,https://creativecommons.org/licenses/by/4.0/,Home & Furniture,downscaled by dataset; no further edits
public/images/products/home-furniture-093.jpg,https://m.media-amazon.com/image/I/91paWMK+mYL.jpg,Amazon.com,https://amazon-berkeley-objects.s3.us-east-1.amazonaws.com/index.html,CC BY 4.0,https://creativecommons.org/licenses/by/4.0/,Home & Furniture,downscaled by dataset; no further edits
public/images/products/home-furniture-094.jpg,https://m.media-amazon.com/image/I/61LUvTsRbxL.jpg,Amazon.com,https://amazon-berkeley-objects.s3.us-east-1.amazonaws.com/index.html,CC BY 4.0,https://creativecommons.org/licenses/by/4.0/,Home & Furniture,downscaled by dataset; no further edits
public/images/products/home-furniture-095.jpg,https://m.media-amazon.com/image/I/71eXI-euZYL.jpg,Amazon.com,https://amazon-berkeley-objects.s3.us-east-1.amazonaws.com/index.html,CC BY 4.0,https://creativecommons.org/licenses/by/4.0/,Home & Furniture,downscaled by dataset; no further edits
public/images/products/home-furniture-096.jpg,https://m.media-amazon.com/image/I/81DqR0UZZ7L.jpg,Amazon.com,https://amazon-berkeley-objects.s3.us-east-1.amazonaws.com/index.html,CC BY 4.0,https://creativecommons.org/licenses/by/4.0/,Home & Furniture,downscaled by dataset; no further edits
public/images/products/home-furniture-097.jpg,https://m.media-amazon.com/image/I/71fdETs9JaL.jpg,Amazon.com,https://amazon-berkeley-objects.s3.us-east-1.amazonaws.com/index.html,CC BY 4.0,https://creativecommons.org/licenses/by/4.0/,Home & Furniture,downscaled by dataset; no further edits
public/images/products/home-furniture-098.jpg,https://m.media-amazon.com/image/I/81I4rtql78L.jpg,Amazon.com,https://amazon-berkeley-objects.s3.us-east-1.amazonaws.com/index.html,CC BY 4.0,https://creativecommons.org/licenses/by/4.0/,Home & Furniture,downscaled by dataset; no further edits
public/images/products/home-furniture-099.jpg,https://m.media-amazon.com/image/I/61hw8jrwYOL.jpg,Amazon.com,https://amazon-berkeley-objects.s3.us-east-1.amazonaws.com/index.html,CC BY 4.0,https://creativecommons.org/licenses/by/4.0/,Home & Furniture,downscaled by dataset; no further edits
public/images/products/home-furniture-100.jpg,https://m.media-amazon.com/image/I/71ijDfMaUrL.jpg,Amazon.com,https://amazon-berkeley-objects.s3.us-east-1.amazonaws.com/index.html,CC BY 4.0,https://creativecommons.org/licenses/by/4.0/,Home & Furniture,downscaled by dataset; no further edits
public/images/products/kitchen-dining-001.jpg,https://m.media-amazon.com/image/I/41r6ipqEpTL.jpg,Amazon.com,https://amazon-berkeley-objects.s3.us-east-1.amazonaws.com/index.html,CC BY 4.0,https://creativecommons.org/licenses/by/4.0/,Kitchen & Dining,downscaled by dataset; no further edits
public/images/products/kitchen-dining-002.jpg,https://m.media-amazon.com/image/I/410LaGC9tBL.jpg,Amazon.com,https://amazon-berkeley-objects.s3.us-east-1.amazonaws.com/index.html,CC BY 4.0,https://creativecommons.org/licenses/by/4.0/,Kitchen & Dining,downscaled by dataset; no further edits
public/images/products/kitchen-dining-003.jpg,https://m.media-amazon.com/image/I/81bWKc1clSL.jpg,Amazon.com,https://amazon-berkeley-objects.s3.us-east-1.amazonaws.com/index.html,CC BY 4.0,https://creativecommons.org/licenses/by/4.0/,Kitchen & Dining,downscaled by dataset; no further edits
public/images/products/kitchen-dining-004.jpg,https://m.media-amazon.com/image/I/51mfEJLEBIL.jpg,Amazon.com,https://amazon-berkeley-objects.s3.us-east-1.amazonaws.com/index.html,CC BY 4.0,https://creativecommons.org/licenses/by/4.0/,Kitchen & Dining,downscaled by dataset; no further edits
public/images/products/kitchen-dining-005.jpg,https://m.media-amazon.com/image/I/41WqkHsTVEL.jpg,Amazon.com,https://amazon-berkeley-objects.s3.us-east-1.amazonaws.com/index.html,CC BY 4.0,https://creativecommons.org/licenses/by/4.0/,Kitchen & Dining,downscaled by dataset; no further edits
public/images/products/kitchen-dining-006.jpg,https://m.media-amazon.com/image/I/41L1UilTfjL.jpg,Amazon.com,https://amazon-berkeley-objects.s3.us-east-1.amazonaws.com/index.html,CC BY 4.0,https://creativecommons.org/licenses/by/4.0/,Kitchen & Dining,downscaled by dataset; no further edits
public/images/products/kitchen-dining-007.jpg,https://m.media-amazon.com/image/I/415u0U9HVaL.jpg,Amazon.com,https://amazon-berkeley-objects.s3.us-east-1.amazonaws.com/index.html,CC BY 4.0,https://creativecommons.org/licenses/by/4.0/,Kitchen & Dining,downscaled by dataset; no further edits
public/images/products/kitchen-dining-008.jpg,https://m.media-amazon.com/image/I/51efXnzm54L.jpg,Amazon.com,https://amazon-berkeley-objects.s3.us-east-1.amazonaws.com/index.html,CC BY 4.0,https://creativecommons.org/licenses/by/4.0/,Kitchen & Dining,downscaled by dataset; no further edits
public/images/products/kitchen-dining-009.jpg,https://m.media-amazon.com/image/I/416LzmND4HL.jpg,Amazon.com,https://amazon-berkeley-objects.s3.us-east-1.amazonaws.com/index.html,CC BY 4.0,https://creativecommons.org/licenses/by/4.0/,Kitchen & Dining,downscaled by dataset; no further edits
public/images/products/kitchen-dining-010.jpg,https://m.media-amazon.com/image/I/5155WXF9XPL.jpg,Amazon.com,https://amazon-berkeley-objects.s3.us-east-1.amazonaws.com/index.html,CC BY 4.0,https://creativecommons.org/licenses/by/4.0/,Kitchen & Dining,downscaled by dataset; no further edits
public/images/products/kitchen-dining-011.jpg,https://m.media-amazon.com/image/I/61EcOu7dY3L.jpg,Amazon.com,https://amazon-berkeley-objects.s3.us-east-1.amazonaws.com/index.html,CC BY 4.0,https://creativecommons.org/licenses/by/4.0/,Kitchen & Dining,downscaled by dataset; no further edits
public/images/products/kitchen-dining-012.jpg,https://m.media-amazon.com/image/I/810lMEAN3TL.jpg,Amazon.com,https://amazon-berkeley-objects.s3.us-east-1.amazonaws.com/index.html,CC BY 4.0,https://creativecommons.org/licenses/by/4.0/,Kitchen & Dining,downscaled by dataset; no further edits
public/images/products/kitchen-dining-013.jpg,https://m.media-amazon.com/image/I/61OZJ3naAfL.jpg,Amazon.com,https://amazon-berkeley-objects.s3.us-east-1.amazonaws.com/index.html,CC BY 4.0,https://creativecommons.org/licenses/by/4.0/,Kitchen & Dining,downscaled by dataset; no further edits
public/images/products/kitchen-dining-014.jpg,https://m.media-amazon.com/image/I/61Mo9G7+EkL.jpg,Amazon.com,https://amazon-berkeley-objects.s3.us-east-1.amazonaws.com/index.html,CC BY 4.0,https://creativecommons.org/licenses/by/4.0/,Kitchen & Dining,downscaled by dataset; no further edits
public/images/products/kitchen-dining-015.jpg,https://m.media-amazon.com/image/I/81BFrJQ7aQL.jpg,Amazon.com,https://amazon-berkeley-objects.s3.us-east-1.amazonaws.com/index.html,CC BY 4.0,https://creativecommons.org/licenses/by/4.0/,Kitchen & Dining,downscaled by dataset; no further edits
public/images/products/kitchen-dining-016.jpg,https://m.media-amazon.com/image/I/81FuBDJTDsL.jpg,Amazon.com,https://amazon-berkeley-objects.s3.us-east-1.amazonaws.com/index.html,CC BY 4.0,https://creativecommons.org/licenses/by/4.0/,Kitchen & Dining,downscaled by dataset; no further edits
public/images/products/kitchen-dining-017.jpg,https://m.media-amazon.com/image/I/71a9kAhqJGL.jpg,Amazon.com,https://amazon-berkeley-objects.s3.us-east-1.amazonaws.com/index.html,CC BY 4.0,https://creativecommons.org/licenses/by/4.0/,Kitchen & Dining,downscaled by dataset; no further edits
public/images/products/kitchen-dining-018.jpg,https://m.media-amazon.com/image/I/81vhV0cHReL.jpg,Amazon.com,https://amazon-berkeley-objects.s3.us-east-1.amazonaws.com/index.html,CC BY 4.0,https://creativecommons.org/licenses/by/4.0/,Kitchen & Dining,downscaled by dataset; no further edits
public/images/products/kitchen-dining-019.jpg,https://m.media-amazon.com/image/I/81-h3p9-DiL.jpg,Amazon.com,https://amazon-berkeley-objects.s3.us-east-1.amazonaws.com/index.html,CC BY 4.0,https://creativecommons.org/licenses/by/4.0/,Kitchen & Dining,downscaled by dataset; no further edits
public/images/products/kitchen-dining-020.jpg,https://m.media-amazon.com/image/I/81qbYyjmOUL.jpg,Amazon.com,https://amazon-berkeley-objects.s3.us-east-1.amazonaws.com/index.html,CC BY 4.0,https://creativecommons.org/licenses/by/4.0/,Kitchen & Dining,downscaled by dataset; no further edits
public/images/products/kitchen-dining-021.jpg,https://m.media-amazon.com/image/I/81v14QuH8FL.jpg,Amazon.com,https://amazon-berkeley-objects.s3.us-east-1.amazonaws.com/index.html,CC BY 4.0,https://creativecommons.org/licenses/by/4.0/,Kitchen & Dining,downscaled by dataset; no further edits
public/images/products/kitchen-dining-022.jpg,https://m.media-amazon.com/image/I/81fTR-e2XnL.jpg,Amazon.com,https://amazon-berkeley-objects.s3.us-east-1.amazonaws.com/index.html,CC BY 4.0,https://creativecommons.org/licenses/by/4.0/,Kitchen & Dining,downscaled by dataset; no further edits
public/images/products/kitchen-dining-023.jpg,https://m.media-amazon.com/image/I/81ab1yWEA4L.jpg,Amazon.com,https://amazon-berkeley-objects.s3.us-east-1.amazonaws.com/index.html,CC BY 4.0,https://creativecommons.org/licenses/by/4.0/,Kitchen & Dining,downscaled by dataset; no further edits
public/images/products/kitchen-dining-024.jpg,https://m.media-amazon.com/image/I/413v37ySIfL.jpg,Amazon.com,https://amazon-berkeley-objects.s3.us-east-1.amazonaws.com/index.html,CC BY 4.0,https://creativecommons.org/licenses/by/4.0/,Kitchen & Dining,downscaled by dataset; no further edits
public/images/products/kitchen-dining-025.jpg,https://m.media-amazon.com/image/I/81-Mc+si5lL.jpg,Amazon.com,https://amazon-berkeley-objects.s3.us-east-1.amazonaws.com/index.html,CC BY 4.0,https://creativecommons.org/licenses/by/4.0/,Kitchen & Dining,downscaled by dataset; no further edits
public/images/products/kitchen-dining-026.jpg,https://m.media-amazon.com/image/I/61w4fs2ESyL.jpg,Amazon.com,https://amazon-berkeley-objects.s3.us-east-1.amazonaws.com/index.html,CC BY 4.0,https://creativecommons.org/licenses/by/4.0/,Kitchen & Dining,downscaled by dataset; no further edits
public/images/products/kitchen-dining-027.jpg,https://m.media-amazon.com/image/I/51acyU3HTSL.jpg,Amazon.com,https://amazon-berkeley-objects.s3.us-east-1.amazonaws.com/index.html,CC BY 4.0,https://creativecommons.org/licenses/by/4.0/,Kitchen & Dining,downscaled by dataset; no further edits
public/images/products/kitchen-dining-028.jpg,https://m.media-amazon.com/image/I/51RlbeJmW9L.jpg,Amazon.com,https://amazon-berkeley-objects.s3.us-east-1.amazonaws.com/index.html,CC BY 4.0,https://creativecommons.org/licenses/by/4.0/,Kitchen & Dining,downscaled by dataset; no further edits
public/images/products/kitchen-dining-029.jpg,https://m.media-amazon.com/image/I/61TZM8rBUZL.jpg,Amazon.com,https://amazon-berkeley-objects.s3.us-east-1.amazonaws.com/index.html,CC BY 4.0,https://creativecommons.org/licenses/by/4.0/,Kitchen & Dining,downscaled by dataset; no further edits
public/images/products/kitchen-dining-030.jpg,https://m.media-amazon.com/image/I/812+5opX8sL.jpg,Amazon.com,https://amazon-berkeley-objects.s3.us-east-1.amazonaws.com/index.html,CC BY 4.0,https://creativecommons.org/licenses/by/4.0/,Kitchen & Dining,downscaled by dataset; no further edits
public/images/products/kitchen-dining-031.jpg,https://m.media-amazon.com/image/I/71sfLt47D5L.jpg,Amazon.com,https://amazon-berkeley-objects.s3.us-east-1.amazonaws.com/index.html,CC BY 4.0,https://creativecommons.org/licenses/by/4.0/,Kitchen & Dining,downscaled by dataset; no further edits
public/images/products/kitchen-dining-032.jpg,https://m.media-amazon.com/image/I/517XqGqHheL.jpg,Amazon.com,https://amazon-berkeley-objects.s3.us-east-1.amazonaws.com/index.html,CC BY 4.0,https://creativecommons.org/licenses/by/4.0/,Kitchen & Dining,downscaled by dataset; no further edits
public/images/products/kitchen-dining-033.jpg,https://m.media-amazon.com/image/I/51J2oQIDoRL.jpg,Amazon.com,https://amazon-berkeley-objects.s3.us-east-1.amazonaws.com/index.html,CC BY 4.0,https://creativecommons.org/licenses/by/4.0/,Kitchen & Dining,downscaled by dataset; no further edits
public/images/products/kitchen-dining-034.jpg,https://m.media-amazon.com/image/I/41G2JKcNuGL.jpg,Amazon.com,https://amazon-berkeley-objects.s3.us-east-1.amazonaws.com/index.html,CC BY 4.0,https://creativecommons.org/licenses/by/4.0/,Kitchen & Dining,downscaled by dataset; no further edits
public/images/products/kitchen-dining-035.jpg,https://m.media-amazon.com/image/I/61hCDDv9xES.jpg,Amazon.com,https://amazon-berkeley-objects.s3.us-east-1.amazonaws.com/index.html,CC BY 4.0,https://creativecommons.org/licenses/by/4.0/,Kitchen & Dining,downscaled by dataset; no further edits
public/images/products/kitchen-dining-036.jpg,https://m.media-amazon.com/image/I/81hlXZ0G0zL.jpg,Amazon.com,https://amazon-berkeley-objects.s3.us-east-1.amazonaws.com/index.html,CC BY 4.0,https://creativecommons.org/licenses/by/4.0/,Kitchen & Dining,downscaled by dataset; no further edits
public/images/products/kitchen-dining-037.jpg,https://m.media-amazon.com/image/I/81kyUaw5VQL.jpg,Amazon.com,https://amazon-berkeley-objects.s3.us-east-1.amazonaws.com/index.html,CC BY 4.0,https://creativecommons.org/licenses/by/4.0/,Kitchen & Dining,downscaled by dataset; no further edits
public/images/products/kitchen-dining-038.jpg,https://m.media-amazon.com/image/I/51O-wo6xw6L.jpg,Amazon.com,https://amazon-berkeley-objects.s3.us-east-1.amazonaws.com/index.html,CC BY 4.0,https://creativecommons.org/licenses/by/4.0/,Kitchen & Dining,downscaled by dataset; no further edits
public/images/products/kitchen-dining-039.jpg,https://m.media-amazon.com/image/I/51MW0Zt50vL.jpg,Amazon.com,https://amazon-berkeley-objects.s3.us-east-1.amazonaws.com/index.html,CC BY 4.0,https://creativecommons.org/licenses/by/4.0/,Kitchen & Dining,downscaled by dataset; no further edits
public/images/products/kitchen-dining-040.jpg,https://m.media-amazon.com/image/I/71t3ZbyVamL.jpg,Amazon.com,https://amazon-berkeley-objects.s3.us-east-1.amazonaws.com/index.html,CC BY 4.0,https://creativecommons.org/licenses/by/4.0/,Kitchen & Dining,downscaled by dataset; no further edits
public/images/products/kitchen-dining-041.jpg,https://m.media-amazon.com/image/I/81kRGW+Sz5L.jpg,Amazon.com,https://amazon-berkeley-objects.s3.us-east-1.amazonaws.com/index.html,CC BY 4.0,https://creativecommons.org/licenses/by/4.0/,Kitchen & Dining,downscaled by dataset; no further edits
public/images/products/kitchen-dining-042.jpg,https://m.media-amazon.com/image/I/81w6X1n93-L.jpg,Amazon.com,https://amazon-berkeley-objects.s3.us-east-1.amazonaws.com/index.html,CC BY 4.0,https://creativecommons.org/licenses/by/4.0/,Kitchen & Dining,downscaled by dataset; no further edits
public/images/products/kitchen-dining-043.jpg,https://m.media-amazon.com/image/I/51omQi-ZVoL.jpg,Amazon.com,https://amazon-berkeley-objects.s3.us-east-1.amazonaws.com/index.html,CC BY 4.0,https://creativecommons.org/licenses/by/4.0/,Kitchen & Dining,downscaled by dataset; no further edits
public/images/products/kitchen-dining-044.jpg,https://m.media-amazon.com/image/I/91PLoX-Cu4L.jpg,Amazon.com,https://amazon-berkeley-objects.s3.us-east-1.amazonaws.com/index.html,CC BY 4.0,https://creativecommons.org/licenses/by/4.0/,Kitchen & Dining,downscaled by dataset; no further edits
public/images/products/kitchen-dining-045.jpg,https://m.media-amazon.com/image/I/81suPxnwjOL.jpg,Amazon.com,https://amazon-berkeley-objects.s3.us-east-1.amazonaws.com/index.html,CC BY 4.0,https://creativecommons.org/licenses/by/4.0/,Kitchen & Dining,downscaled by dataset; no further edits
public/images/products/kitchen-dining-046.jpg,https://m.media-amazon.com/image/I/81JxhCTcCpL.jpg,Amazon.com,https://amazon-berkeley-objects.s3.us-east-1.amazonaws.com/index.html,CC BY 4.0,https://creativecommons.org/licenses/by/4.0/,Kitchen & Dining,downscaled by dataset; no further edits
public/images/products/kitchen-dining-047.jpg,https://m.media-amazon.com/image/I/71ITHN9pAaL.jpg,Amazon.com,https://amazon-berkeley-objects.s3.us-east-1.amazonaws.com/index.html,CC BY 4.0,https://creativecommons.org/licenses/by/4.0/,Kitchen & Dining,downscaled by dataset; no further edits
public/images/products/kitchen-dining-048.jpg,https://m.media-amazon.com/image/I/81epi1bKvUL.jpg,Amazon.com,https://amazon-berkeley-objects.s3.us-east-1.amazonaws.com/index.html,CC BY 4.0,https://creativecommons.org/licenses/by/4.0/,Kitchen & Dining,downscaled by dataset; no further edits
public/images/products/kitchen-dining-049.jpg,https://m.media-amazon.com/image/I/71tqLU8QGHL.jpg,Amazon.com,https://amazon-berkeley-objects.s3.us-east-1.amazonaws.com/index.html,CC BY 4.0,https://creativecommons.org/licenses/by/4.0/,Kitchen & Dining,downscaled by dataset; no further edits
public/images/products/kitchen-dining-050.jpg,https://m.media-amazon.com/image/I/712a5HP53KL.jpg,Amazon.com,https://amazon-berkeley-objects.s3.us-east-1.amazonaws.com/index.html,CC BY 4.0,https://creativecommons.org/licenses/by/4.0/,Kitchen & Dining,downscaled by dataset; no further edits
public/images/products/kitchen-dining-051.jpg,https://m.media-amazon.com/image/I/61-QRiSsZNL.jpg,Amazon.com,https://amazon-berkeley-objects.s3.us-east-1.amazonaws.com/index.html,CC BY 4.0,https://creativecommons.org/licenses/by/4.0/,Kitchen & Dining,downscaled by dataset; no further edits
public/images/products/kitchen-dining-052.jpg,https://m.media-amazon.com/image/I/81gzPda0DeL.jpg,Amazon.com,https://amazon-berkeley-objects.s3.us-east-1.amazonaws.com/index.html,CC BY 4.0,https://creativecommons.org/licenses/by/4.0/,Kitchen & Dining,downscaled by dataset; no further edits
public/images/products/kitchen-dining-053.jpg,https://m.media-amazon.com/image/I/71nPTSV70iL.jpg,Amazon.com,https://amazon-berkeley-objects.s3.us-east-1.amazonaws.com/index.html,CC BY 4.0,https://creativecommons.org/licenses/by/4.0/,Kitchen & Dining,downscaled by dataset; no further edits
public/images/products/kitchen-dining-054.jpg,https://m.media-amazon.com/image/I/71hQOPG7H1L.jpg,Amazon.com,https://amazon-berkeley-objects.s3.us-east-1.amazonaws.com/index.html,CC BY 4.0,https://creativecommons.org/licenses/by/4.0/,Kitchen & Dining,downscaled by dataset; no further edits
public/images/products/kitchen-dining-055.jpg,https://m.media-amazon.com/image/I/71VhmqPJ-6L.jpg,Amazon.com,https://amazon-berkeley-objects.s3.us-east-1.amazonaws.com/index.html,CC BY 4.0,https://creativecommons.org/licenses/by/4.0/,Kitchen & Dining,downscaled by dataset; no further edits
public/images/products/kitchen-dining-056.jpg,https://m.media-amazon.com/image/I/61PbQZlNoVL.jpg,Amazon.com,https://amazon-berkeley-objects.s3.us-east-1.amazonaws.com/index.html,CC BY 4.0,https://creativecommons.org/licenses/by/4.0/,Kitchen & Dining,downscaled by dataset; no further edits
public/images/products/kitchen-dining-057.jpg,https://m.media-amazon.com/image/I/81XbmmzN0BL.jpg,Amazon.com,https://amazon-berkeley-objects.s3.us-east-1.amazonaws.com/index.html,CC BY 4.0,https://creativecommons.org/licenses/by/4.0/,Kitchen & Dining,downscaled by dataset; no further edits
public/images/products/kitchen-dining-058.jpg,https://m.media-amazon.com/image/I/71OL7FgXGKL.jpg,Amazon.com,https://amazon-berkeley-objects.s3.us-east-1.amazonaws.com/index.html,CC BY 4.0,https://creativecommons.org/licenses/by/4.0/,Kitchen & Dining,downscaled by dataset; no further edits
public/images/products/kitchen-dining-059.jpg,https://m.media-amazon.com/image/I/81EI-DjKACL.jpg,Amazon.com,https://amazon-berkeley-objects.s3.us-east-1.amazonaws.com/index.html,CC BY 4.0,https://creativecommons.org/licenses/by/4.0/,Kitchen & Dining,downscaled by dataset; no further edits
public/images/products/kitchen-dining-060.jpg,https://m.media-amazon.com/image/I/71JlYQ1b7JL.jpg,Amazon.com,https://amazon-berkeley-objects.s3.us-east-1.amazonaws.com/index.html,CC BY 4.0,https://creativecommons.org/licenses/by/4.0/,Kitchen & Dining,downscaled by dataset; no further edits
public/images/products/kitchen-dining-061.jpg,https://m.media-amazon.com/image/I/81rf1YTPWoL.jpg,Amazon.com,https://amazon-berkeley-objects.s3.us-east-1.amazonaws.com/index.html,CC BY 4.0,https://creativecommons.org/licenses/by/4.0/,Kitchen & Dining,downscaled by dataset; no further edits
public/images/products/kitchen-dining-062.jpg,https://m.media-amazon.com/image/I/818T0xEv+ZL.jpg,Amazon.com,https://amazon-berkeley-objects.s3.us-east-1.amazonaws.com/index.html,CC BY 4.0,https://creativecommons.org/licenses/by/4.0/,Kitchen & Dining,downscaled by dataset; no further edits
public/images/products/kitchen-dining-063.jpg,https://m.media-amazon.com/image/I/71D1RIwBzcL.jpg,Amazon.com,https://amazon-berkeley-objects.s3.us-east-1.amazonaws.com/index.html,CC BY 4.0,https://creativecommons.org/licenses/by/4.0/,Kitchen & Dining,downscaled by dataset; no further edits
public/images/products/kitchen-dining-064.jpg,https://m.media-amazon.com/image/I/71LJQWop9BL.jpg,Amazon.com,https://amazon-berkeley-objects.s3.us-east-1.amazonaws.com/index.html,CC BY 4.0,https://creativecommons.org/licenses/by/4.0/,Kitchen & Dining,downscaled by dataset; no further edits
public/images/products/kitchen-dining-065.jpg,https://m.media-amazon.com/image/I/81c4YNTu7kL.jpg,Amazon.com,https://amazon-berkeley-objects.s3.us-east-1.amazonaws.com/index.html,CC BY 4.0,https://creativecommons.org/licenses/by/4.0/,Kitchen & Dining,downscaled by dataset; no further edits
public/images/products/kitchen-dining-066.jpg,https://m.media-amazon.com/image/I/51FkT1ymeFL.jpg,Amazon.com,https://amazon-berkeley-objects.s3.us-east-1.amazonaws.com/index.html,CC BY 4.0,https://creativecommons.org/licenses/by/4.0/,Kitchen & Dining,downscaled by dataset; no further edits
public/images/products/kitchen-dining-067.jpg,https://m.media-amazon.com/image/I/81aQLos9JeL.jpg,Amazon.com,https://amazon-berkeley-objects.s3.us-east-1.amazonaws.com/index.html,CC BY 4.0,https://creativecommons.org/licenses/by/4.0/,Kitchen & Dining,downscaled by dataset; no further edits
public/images/products/kitchen-dining-068.jpg,https://m.media-amazon.com/image/I/71sSGFg4KWL.jpg,Amazon.com,https://amazon-berkeley-objects.s3.us-east-1.amazonaws.com/index.html,CC BY 4.0,https://creativecommons.org/licenses/by/4.0/,Kitchen & Dining,downscaled by dataset; no further edits
public/images/products/kitchen-dining-069.jpg,https://m.media-amazon.com/image/I/512OfAaYArL.jpg,Amazon.com,https://amazon-berkeley-objects.s3.us-east-1.amazonaws.com/index.html,CC BY 4.0,https://creativecommons.org/licenses/by/4.0/,Kitchen & Dining,downscaled by dataset; no further edits
public/images/products/kitchen-dining-070.jpg,https://m.media-amazon.com/image/I/71h41mOnzQL.jpg,Amazon.com,https://amazon-berkeley-objects.s3.us-east-1.amazonaws.com/index.html,CC BY 4.0,https://creativecommons.org/licenses/by/4.0/,Kitchen & Dining,downscaled by dataset; no further edits
public/images/products/kitchen-dining-071.jpg,https://m.media-amazon.com/image/I/51CGrkjw67L.jpg,Amazon.com,https://amazon-berkeley-objects.s3.us-east-1.amazonaws.com/index.html,CC BY 4.0,https://creativecommons.org/licenses/by/4.0/,Kitchen & Dining,downscaled by dataset; no further edits
public/images/products/kitchen-dining-072.jpg,https://m.media-amazon.com/image/I/71pfRxg2abL.jpg,Amazon.com,https://amazon-berkeley-objects.s3.us-east-1.amazonaws.com/index.html,CC BY 4.0,https://creativecommons.org/licenses/by/4.0/,Kitchen & Dining,downscaled by dataset; no further edits
public/images/products/kitchen-dining-073.jpg,https://m.media-amazon.com/image/I/61izEZdhlaL.jpg,Amazon.com,https://amazon-berkeley-objects.s3.us-east-1.amazonaws.com/index.html,CC BY 4.0,https://creativecommons.org/licenses/by/4.0/,Kitchen & Dining,downscaled by dataset; no further edits
public/images/products/kitchen-dining-074.jpg,https://m.media-amazon.com/image/I/610jXVKNJpL.jpg,Amazon.com,https://amazon-berkeley-objects.s3.us-east-1.amazonaws.com/index.html,CC BY 4.0,https://creativecommons.org/licenses/by/4.0/,Kitchen & Dining,downscaled by dataset; no further edits
public/images/products/kitchen-dining-075.jpg,https://m.media-amazon.com/image/I/61JIl2lXHBL.jpg,Amazon.com,https://amazon-berkeley-objects.s3.us-east-1.amazonaws.com/index.html,CC BY 4.0,https://creativecommons.org/licenses/by/4.0/,Kitchen & Dining,downscaled by dataset; no further edits
public/images/products/kitchen-dining-076.jpg,https://m.media-amazon.com/image/I/71ibj1-qoPL.jpg,Amazon.com,https://amazon-berkeley-objects.s3.us-east-1.amazonaws.com/index.html,CC BY 4.0,https://creativecommons.org/licenses/by/4.0/,Kitchen & Dining,downscaled by dataset; no further edits
public/images/products/kitchen-dining-077.jpg,https://m.media-amazon.com/image/I/71SgwPYPXqL.jpg,Amazon.com,https://amazon-berkeley-objects.s3.us-east-1.amazonaws.com/index.html,CC BY 4.0,https://creativecommons.org/licenses/by/4.0/,Kitchen & Dining,downscaled by dataset; no further edits
public/images/products/kitchen-dining-078.jpg,https://m.media-amazon.com/image/I/61D-t3Ot7XL.jpg,Amazon.com,https://amazon-berkeley-objects.s3.us-east-1.amazonaws.com/index.html,CC BY 4.0,https://creativecommons.org/licenses/by/4.0/,Kitchen & Dining,downscaled by dataset; no further edits
public/images/products/kitchen-dining-079.jpg,https://m.media-amazon.com/image/I/61QcIPrEHGL.jpg,Amazon.com,https://amazon-berkeley-objects.s3.us-east-1.amazonaws.com/index.html,CC BY 4.0,https://creativecommons.org/licenses/by/4.0/,Kitchen & Dining,downscaled by dataset; no further edits
public/images/products/kitchen-dining-080.jpg,https://m.media-amazon.com/image/I/71FnX+95JzL.jpg,Amazon.com,https://amazon-berkeley-objects.s3.us-east-1.amazonaws.com/index.html,CC BY 4.0,https://creativecommons.org/licenses/by/4.0/,Kitchen & Dining,downscaled by dataset; no further edits
public/images/products/kitchen-dining-081.jpg,https://m.media-amazon.com/image/I/71XEDzEDgjL.jpg,Amazon.com,https://amazon-berkeley-objects.s3.us-east-1.amazonaws.com/index.html,CC BY 4.0,https://creativecommons.org/licenses/by/4.0/,Kitchen & Dining,downscaled by dataset; no further edits
public/images/products/kitchen-dining-082.jpg,https://m.media-amazon.com/image/I/41Blvpmn8vL.jpg,Amazon.com,https://amazon-berkeley-objects.s3.us-east-1.amazonaws.com/index.html,CC BY 4.0,https://creativecommons.org/licenses/by/4.0/,Kitchen & Dining,downscaled by dataset; no further edits
public/images/products/kitchen-dining-083.jpg,https://m.media-amazon.com/image/I/713vPh3LC8L.jpg,Amazon.com,https://amazon-berkeley-objects.s3.us-east-1.amazonaws.com/index.html,CC BY 4.0,https://creativecommons.org/licenses/by/4.0/,Kitchen & Dining,downscaled by dataset; no further edits
public/images/products/kitchen-dining-084.jpg,https://m.media-amazon.com/image/I/71egKkuSLLL.jpg,Amazon.com,https://amazon-berkeley-objects.s3.us-east-1.amazonaws.com/index.html,CC BY 4.0,https://creativecommons.org/licenses/by/4.0/,Kitchen & Dining,downscaled by dataset; no further edits
public/images/products/kitchen-dining-085.jpg,https://m.media-amazon.com/image/I/61KxAqB14hL.jpg,Amazon.com,https://amazon-berkeley-objects.s3.us-east-1.amazonaws.com/index.html,CC BY 4.0,https://creativecommons.org/licenses/by/4.0/,Kitchen & Dining,downscaled by dataset; no further edits
public/images/products/kitchen-dining-086.jpg,https://m.media-amazon.com/image/I/71PTrlUb66L.jpg,Amazon.com,https://amazon-berkeley-objects.s3.us-east-1.amazonaws.com/index.html,CC BY 4.0,https://creativecommons.org/licenses/by/4.0/,Kitchen & Dining,downscaled by dataset; no further edits
public/images/products/kitchen-dining-087.jpg,https://m.media-amazon.com/image/I/81HBCeu7q2L.jpg,Amazon.com,https://amazon-berkeley-objects.s3.us-east-1.amazonaws.com/index.html,CC BY 4.0,https://creativecommons.org/licenses/by/4.0/,Kitchen & Dining,downscaled by dataset; no further edits
public/images/products/kitchen-dining-088.jpg,https://m.media-amazon.com/image/I/719r1NseOWL.jpg,Amazon.com,https://amazon-berkeley-objects.s3.us-east-1.amazonaws.com/index.html,CC BY 4.0,https://creativecommons.org/licenses/by/4.0/,Kitchen & Dining,downscaled by dataset; no further edits
public/images/products/kitchen-dining-089.jpg,https://m.media-amazon.com/image/I/61XHeKJW1HL.jpg,Amazon.com,https://amazon-berkeley-objects.s3.us-east-1.amazonaws.com/index.html,CC BY 4.0,https://creativecommons.org/licenses/by/4.0/,Kitchen & Dining,downscaled by dataset; no further edits
public/images/products/kitchen-dining-090.jpg,https://m.media-amazon.com/image/I/61rjjeak4ZL.jpg,Amazon.com,https://amazon-berkeley-objects.s3.us-east-1.amazonaws.com/index.html,CC BY 4.0,https://creativecommons.org/licenses/by/4.0/,Kitchen & Dining,downscaled by dataset; no further edits
public/images/products/kitchen-dining-091.jpg,https://m.media-amazon.com/image/I/61SuFdy-y-L.jpg,Amazon.com,https://amazon-berkeley-objects.s3.us-east-1.amazonaws.com/index.html,CC BY 4.0,https://creativecommons.org/licenses/by/4.0/,Kitchen & Dining,downscaled by dataset; no further edits
public/images/products/kitchen-dining-092.jpg,https://m.media-amazon.com/image/I/71rLfSjC+ZL.jpg,Amazon.com,https://amazon-berkeley-objects.s3.us-east-1.amazonaws.com/index.html,CC BY 4.0,https://creativecommons.org/licenses/by/4.0/,Kitchen & Dining,downscaled by dataset; no further edits
public/images/products/kitchen-dining-093.jpg,https://m.media-amazon.com/image/I/71xYmeF7S-L.jpg,Amazon.com,https://amazon-berkeley-objects.s3.us-east-1.amazonaws.com/index.html,CC BY 4.0,https://creativecommons.org/licenses/by/4.0/,Kitchen & Dining,downscaled by dataset; no further edits
public/images/products/kitchen-dining-094.jpg,https://m.media-amazon.com/image/I/71xprJqxSfL.jpg,Amazon.com,https://amazon-berkeley-objects.s3.us-east-1.amazonaws.com/index.html,CC BY 4.0,https://creativecommons.org/licenses/by/4.0/,Kitchen & Dining,downscaled by dataset; no further edits
public/images/products/kitchen-dining-095.jpg,https://m.media-amazon.com/image/I/416CFhHPU6L.jpg,Amazon.com,https://amazon-berkeley-objects.s3.us-east-1.amazonaws.com/index.html,CC BY 4.0,https://creativecommons.org/licenses/by/4.0/,Kitchen & Dining,downscaled by dataset; no further edits
public/images/products/kitchen-dining-096.jpg,https://m.media-amazon.com/image/I/710KYnqNHWL.jpg,Amazon.com,https://amazon-berkeley-objects.s3.us-east-1.amazonaws.com/index.html,CC BY 4.0,https://creativecommons.org/licenses/by/4.0/,Kitchen & Dining,downscaled by dataset; no further edits
public/images/products/kitchen-dining-097.jpg,https://m.media-amazon.com/image/I/71vF0uuJszL.jpg,Amazon.com,https://amazon-berkeley-objects.s3.us-east-1.amazonaws.com/index.html,CC BY 4.0,https://creativecommons.org/licenses/by/4.0/,Kitchen & Dining,downscaled by dataset; no further edits
public/images/products/kitchen-dining-098.jpg,https://m.media-amazon.com/image/I/51OhXXVLxlL.jpg,Amazon.com,https://amazon-berkeley-objects.s3.us-east-1.amazonaws.com/index.html,CC BY 4.0,https://creativecommons.org/licenses/by/4.0/,Kitchen & Dining,downscaled by dataset; no further edits
public/images/products/kitchen-dining-099.jpg,https://m.media-amazon.com/image/I/61D0dSfaU2L.jpg,Amazon.com,https://amazon-berkeley-objects.s3.us-east-1.amazonaws.com/index.html,CC BY 4.0,https://creativecommons.org/licenses/by/4.0/,Kitchen & Dining,downscaled by dataset; no further edits
public/images/products/kitchen-dining-100.jpg,https://m.media-amazon.com/image/I/61fvDVz+44L.jpg,Amazon.com,https://amazon-berkeley-objects.s3.us-east-1.amazonaws.com/index.html,CC BY 4.0,https://creativecommons.org/licenses/by/4.0/,Kitchen & Dining,downscaled by dataset; no further edits
public/images/products/lighting-001.jpg,https://m.media-amazon.com/image/I/41FVy2JegdL.jpg,Amazon.com,https://amazon-berkeley-objects.s3.us-east-1.amazonaws.com/index.html,CC BY 4.0,https://creativecommons.org/licenses/by/4.0/,Lighting,downscaled by dataset; no further edits
public/images/products/lighting-002.jpg,https://m.media-amazon.com/image/I/51q1HVY9idL.jpg,Amazon.com,https://amazon-berkeley-objects.s3.us-east-1.amazonaws.com/index.html,CC BY 4.0,https://creativecommons.org/licenses/by/4.0/,Lighting,downscaled by dataset; no further edits
public/images/products/lighting-003.jpg,https://m.media-amazon.com/image/I/61VPJRU2oZL.jpg,Amazon.com,https://amazon-berkeley-objects.s3.us-east-1.amazonaws.com/index.html,CC BY 4.0,https://creativecommons.org/licenses/by/4.0/,Lighting,downscaled by dataset; no further edits
public/images/products/lighting-004.jpg,https://m.media-amazon.com/image/I/81z6v73HwRL.jpg,Amazon.com,https://amazon-berkeley-objects.s3.us-east-1.amazonaws.com/index.html,CC BY 4.0,https://creativecommons.org/licenses/by/4.0/,Lighting,downscaled by dataset; no further edits
public/images/products/lighting-005.jpg,https://m.media-amazon.com/image/I/71usy-zKJxL.jpg,Amazon.com,https://amazon-berkeley-objects.s3.us-east-1.amazonaws.com/index.html,CC BY 4.0,https://creativecommons.org/licenses/by/4.0/,Lighting,downscaled by dataset; no further edits
public/images/products/lighting-006.jpg,https://m.media-amazon.com/image/I/913X8xUyshL.jpg,Amazon.com,https://amazon-berkeley-objects.s3.us-east-1.amazonaws.com/index.html,CC BY 4.0,https://creativecommons.org/licenses/by/4.0/,Lighting,downscaled by dataset; no further edits
public/images/products/lighting-007.jpg,https://m.media-amazon.com/image/I/41+Y1xErb9L.jpg,Amazon.com,https://amazon-berkeley-objects.s3.us-east-1.amazonaws.com/index.html,CC BY 4.0,https://creativecommons.org/licenses/by/4.0/,Lighting,downscaled by dataset; no further edits
public/images/products/lighting-008.jpg,https://m.media-amazon.com/image/I/91PQv3bPOmL.jpg,Amazon.com,https://amazon-berkeley-objects.s3.us-east-1.amazonaws.com/index.html,CC BY 4.0,https://creativecommons.org/licenses/by/4.0/,Lighting,downscaled by dataset; no further edits
public/images/products/lighting-009.jpg,https://m.media-amazon.com/image/I/61yzdOJ-1vL.jpg,Amazon.com,https://amazon-berkeley-objects.s3.us-east-1.amazonaws.com/index.html,CC BY 4.0,https://creativecommons.org/licenses/by/4.0/,Lighting,downscaled by dataset; no further edits
public/images/products/lighting-010.jpg,https://m.media-amazon.com/image/I/81Nofla1TkL.jpg,Amazon.com,https://amazon-berkeley-objects.s3.us-east-1.amazonaws.com/index.html,CC BY 4.0,https://creativecommons.org/licenses/by/4.0/,Lighting,downscaled by dataset; no further edits
public/images/products/lighting-011.jpg,https://m.media-amazon.com/image/I/71HwFTkKWwL.jpg,Amazon.com,https://amazon-berkeley-objects.s3.us-east-1.amazonaws.com/index.html,CC BY 4.0,https://creativecommons.org/licenses/by/4.0/,Lighting,downscaled by dataset; no further edits
public/images/products/lighting-012.jpg,https://m.media-amazon.com/image/I/71hGc7RbAnL.jpg,Amazon.com,https://amazon-berkeley-objects.s3.us-east-1.amazonaws.com/index.html,CC BY 4.0,https://creativecommons.org/licenses/by/4.0/,Lighting,downscaled by dataset; no further edits
public/images/products/lighting-013.jpg,https://m.media-amazon.com/image/I/51A3E1wZnkL.jpg,Amazon.com,https://amazon-berkeley-objects.s3.us-east-1.amazonaws.com/index.html,CC BY 4.0,https://creativecommons.org/licenses/by/4.0/,Lighting,downscaled by dataset; no further edits
public/images/products/lighting-014.jpg,https://m.media-amazon.com/image/I/51oLMKHfOtL.jpg,Amazon.com,https://amazon-berkeley-objects.s3.us-east-1.amazonaws.com/index.html,CC BY 4.0,https://creativecommons.org/licenses/by/4.0/,Lighting,downscaled by dataset; no further edits
public/images/products/lighting-015.jpg,https://m.media-amazon.com/image/I/510lSNJKiyL.jpg,Amazon.com,https://amazon-berkeley-objects.s3.us-east-1.amazonaws.com/index.html,CC BY 4.0,https://creativecommons.org/licenses/by/4.0/,Lighting,downscaled by dataset; no further edits
public/images/products/lighting-016.jpg,https://m.media-amazon.com/image/I/71T2BzFFOGL.jpg,Amazon.com,https://amazon-berkeley-objects.s3.us-east-1.amazonaws.com/index.html,CC BY 4.0,https://creativecommons.org/licenses/by/4.0/,Lighting,downscaled by dataset; no further edits
public/images/products/lighting-017.jpg,https://m.media-amazon.com/image/I/415W01x3YTL.jpg,Amazon.com,https://amazon-berkeley-objects.s3.us-east-1.amazonaws.com/index.html,CC BY 4.0,https://creativecommons.org/licenses/by/4.0/,Lighting,downscaled by dataset; no further edits
public/images/products/lighting-018.jpg,https://m.media-amazon.com/image/I/71dMRNJWp3L.jpg,Amazon.com,https://amazon-berkeley-objects.s3.us-east-1.amazonaws.com/index.html,CC BY 4.0,https://creativecommons.org/licenses/by/4.0/,Lighting,downscaled by dataset; no further edits
public/images/products/lighting-019.jpg,https://m.media-amazon.com/image/I/41wX5Ps6CXL.jpg,Amazon.com,https://amazon-berkeley-objects.s3.us-east-1.amazonaws.com/index.html,CC BY 4.0,https://creativecommons.org/licenses/by/4.0/,Lighting,downscaled by dataset; no further edits
public/images/products/lighting-020.jpg,https://m.media-amazon.com/image/I/71SwJLjM0BL.jpg,Amazon.com,https://amazon-berkeley-objects.s3.us-east-1.amazonaws.com/index.html,CC BY 4.0,https://creativecommons.org/licenses/by/4.0/,Lighting,downscaled by dataset; no further edits
public/images/products/lighting-021.jpg,https://m.media-amazon.com/image/I/51fifQ5iuLL.jpg,Amazon.com,https://amazon-berkeley-objects.s3.us-east-1.amazonaws.com/index.html,CC BY 4.0,https://creativecommons.org/licenses/by/4.0/,Lighting,downscaled by dataset; no further edits
public/images/products/lighting-022.jpg,https://m.media-amazon.com/image/I/51ka98smPLL.jpg,Amazon.com,https://amazon-berkeley-objects.s3.us-east-1.amazonaws.com/index.html,CC BY 4.0,https://creativecommons.org/licenses/by/4.0/,Lighting,downscaled by dataset; no further edits
public/images/products/lighting-023.jpg,https://m.media-amazon.com/image/I/51UKqfKqdWL.jpg,Amazon.com,https://amazon-berkeley-objects.s3.us-east-1.amazonaws.com/index.html,CC BY 4.0,https://creativecommons.org/licenses/by/4.0/,Lighting,downscaled by dataset; no further edits
public/images/products/lighting-024.jpg,https://m.media-amazon.com/image/I/51kYcJgF6NL.jpg,Amazon.com,https://amazon-berkeley-objects.s3.us-east-1.amazonaws.com/index.html,CC BY 4.0,https://creativecommons.org/licenses/by/4.0/,Lighting,downscaled by dataset; no further edits
public/images/products/lighting-025.jpg,https://m.media-amazon.com/image/I/51yqchB0CTL.jpg,Amazon.com,https://amazon-berkeley-objects.s3.us-east-1.amazonaws.com/index.html,CC BY 4.0,https://creativecommons.org/licenses/by/4.0/,Lighting,downscaled by dataset; no further edits
public/images/products/lighting-026.jpg,https://m.media-amazon.com/image/I/8121SRzPYHL.jpg,Amazon.com,https://amazon-berkeley-objects.s3.us-east-1.amazonaws.com/index.html,CC BY 4.0,https://creativecommons.org/licenses/by/4.0/,Lighting,downscaled by dataset; no further edits
public/images/products/lighting-027.jpg,https://m.media-amazon.com/image/I/71v-NQNDe3L.jpg,Amazon.com,https://amazon-berkeley-objects.s3.us-east-1.amazonaws.com/index.html,CC BY 4.0,https://creativecommons.org/licenses/by/4.0/,Lighting,downscaled by dataset; no further edits
public/images/products/lighting-028.jpg,https://m.media-amazon.com/image/I/51osTetMYKL.jpg,Amazon.com,https://amazon-berkeley-objects.s3.us-east-1.amazonaws.com/index.html,CC BY 4.0,https://creativecommons.org/licenses/by/4.0/,Lighting,downscaled by dataset; no further edits
public/images/products/lighting-029.jpg,https://m.media-amazon.com/image/I/71bh3XlJ+9L.jpg,Amazon.com,https://amazon-berkeley-objects.s3.us-east-1.amazonaws.com/index.html,CC BY 4.0,https://creativecommons.org/licenses/by/4.0/,Lighting,downscaled by dataset; no further edits
public/images/products/lighting-030.jpg,https://m.media-amazon.com/image/I/41UdfaC9utL.jpg,Amazon.com,https://amazon-berkeley-objects.s3.us-east-1.amazonaws.com/index.html,CC BY 4.0,https://creativecommons.org/licenses/by/4.0/,Lighting,downscaled by dataset; no further edits
public/images/products/lighting-031.jpg,https://m.media-amazon.com/image/I/41SZWsouOxL.jpg,Amazon.com,https://amazon-berkeley-objects.s3.us-east-1.amazonaws.com/index.html,CC BY 4.0,https://creativecommons.org/licenses/by/4.0/,Lighting,downscaled by dataset; no further edits
public/images/products/lighting-032.jpg,https://m.media-amazon.com/image/I/719lPxSDi7L.jpg,Amazon.com,https://amazon-berkeley-objects.s3.us-east-1.amazonaws.com/index.html,CC BY 4.0,https://creativecommons.org/licenses/by/4.0/,Lighting,downscaled by dataset; no further edits
public/images/products/lighting-033.jpg,https://m.media-amazon.com/image/I/61NTUw5+7HL.jpg,Amazon.com,https://amazon-berkeley-objects.s3.us-east-1.amazonaws.com/index.html,CC BY 4.0,https://creativecommons.org/licenses/by/4.0/,Lighting,downscaled by dataset; no further edits
public/images/products/lighting-034.jpg,https://m.media-amazon.com/image/I/717vCcsAAKL.jpg,Amazon.com,https://amazon-berkeley-objects.s3.us-east-1.amazonaws.com/index.html,CC BY 4.0,https://creativecommons.org/licenses/by/4.0/,Lighting,downscaled by dataset; no further edits
public/images/products/lighting-035.jpg,https://m.media-amazon.com/image/I/71s7jWDPLVL.jpg,Amazon.com,https://amazon-berkeley-objects.s3.us-east-1.amazonaws.com/index.html,CC BY 4.0,https://creativecommons.org/licenses/by/4.0/,Lighting,downscaled by dataset; no further edits
public/images/products/lighting-036.jpg,https://m.media-amazon.com/image/I/71Zy3G1GCNL.jpg,Amazon.com,https://amazon-berkeley-objects.s3.us-east-1.amazonaws.com/index.html,CC BY 4.0,https://creativecommons.org/licenses/by/4.0/,Lighting,downscaled by dataset; no further edits
public/images/products/lighting-037.jpg,https://m.media-amazon.com/image/I/71zILBd-uGL.jpg,Amazon.com,https://amazon-berkeley-objects.s3.us-east-1.amazonaws.com/index.html,CC BY 4.0,https://creativecommons.org/licenses/by/4.0/,Lighting,downscaled by dataset; no further edits
public/images/products/lighting-038.jpg,https://m.media-amazon.com/image/I/713CYVlw6yL.jpg,Amazon.com,https://amazon-berkeley-objects.s3.us-east-1.amazonaws.com/index.html,CC BY 4.0,https://creativecommons.org/licenses/by/4.0/,Lighting,downscaled by dataset; no further edits
public/images/products/lighting-039.jpg,https://m.media-amazon.com/image/I/41WuvnknksL.jpg,Amazon.com,https://amazon-berkeley-objects.s3.us-east-1.amazonaws.com/index.html,CC BY 4.0,https://creativecommons.org/licenses/by/4.0/,Lighting,downscaled by dataset; no further edits
public/images/products/lighting-040.jpg,https://m.media-amazon.com/image/I/41xIRie-WHL.jpg,Amazon.com,https://amazon-berkeley-objects.s3.us-east-1.amazonaws.com/index.html,CC BY 4.0,https://creativecommons.org/licenses/by/4.0/,Lighting,downscaled by dataset; no further edits
public/images/products/lighting-041.jpg,https://m.media-amazon.com/image/I/71ZUHoXwGZL.jpg,Amazon.com,https://amazon-berkeley-objects.s3.us-east-1.amazonaws.com/index.html,CC BY 4.0,https://creativecommons.org/licenses/by/4.0/,Lighting,downscaled by dataset; no further edits
public/images/products/lighting-042.jpg,https://m.media-amazon.com/image/I/71J977jCbJL.jpg,Amazon.com,https://amazon-berkeley-objects.s3.us-east-1.amazonaws.com/index.html,CC BY 4.0,https://creativecommons.org/licenses/by/4.0/,Lighting,downscaled by dataset; no further edits
public/images/products/lighting-043.jpg,https://m.media-amazon.com/image/I/618DqTa-2zL.jpg,Amazon.com,https://amazon-berkeley-objects.s3.us-east-1.amazonaws.com/index.html,CC BY 4.0,https://creativecommons.org/licenses/by/4.0/,Lighting,downscaled by dataset; no further edits
public/images/products/lighting-044.jpg,https://m.media-amazon.com/image/I/61+uWm7HK+L.jpg,Amazon.com,https://amazon-berkeley-objects.s3.us-east-1.amazonaws.com/index.html,CC BY 4.0,https://creativecommons.org/licenses/by/4.0/,Lighting,downscaled by dataset; no further edits
public/images/products/lighting-045.jpg,https://m.media-amazon.com/image/I/71NQHe2dOdL.jpg,Amazon.com,https://amazon-berkeley-objects.s3.us-east-1.amazonaws.com/index.html,CC BY 4.0,https://creativecommons.org/licenses/by/4.0/,Lighting,downscaled by dataset; no further edits
public/images/products/lighting-046.jpg,https://m.media-amazon.com/image/I/51q+lhwuLEL.jpg,Amazon.com,https://amazon-berkeley-objects.s3.us-east-1.amazonaws.com/index.html,CC BY 4.0,https://creativecommons.org/licenses/by/4.0/,Lighting,downscaled by dataset; no further edits
public/images/products/lighting-047.jpg,https://m.media-amazon.com/image/I/61fo5zr-WWL.jpg,Amazon.com,https://amazon-berkeley-objects.s3.us-east-1.amazonaws.com/index.html,CC BY 4.0,https://creativecommons.org/licenses/by/4.0/,Lighting,downscaled by dataset; no further edits
public/images/products/lighting-048.jpg,https://m.media-amazon.com/image/I/81nyoGAjiFL.jpg,Amazon.com,https://amazon-berkeley-objects.s3.us-east-1.amazonaws.com/index.html,CC BY 4.0,https://creativecommons.org/licenses/by/4.0/,Lighting,downscaled by dataset; no further edits
public/images/products/lighting-049.jpg,https://m.media-amazon.com/image/I/71oMaB9VYBL.jpg,Amazon.com,https://amazon-berkeley-objects.s3.us-east-1.amazonaws.com/index.html,CC BY 4.0,https://creativecommons.org/licenses/by/4.0/,Lighting,downscaled by dataset; no further edits
public/images/products/lighting-050.jpg,https://m.media-amazon.com/image/I/51VKAF1hNFL.jpg,Amazon.com,https://amazon-berkeley-objects.s3.us-east-1.amazonaws.com/index.html,CC BY 4.0,https://creativecommons.org/licenses/by/4.0/,Lighting,downscaled by dataset; no further edits
public/images/products/lighting-051.jpg,https://m.media-amazon.com/image/I/91vfAt-ORNL.jpg,Amazon.com,https://amazon-berkeley-objects.s3.us-east-1.amazonaws.com/index.html,CC BY 4.0,https://creativecommons.org/licenses/by/4.0/,Lighting,downscaled by dataset; no further edits
public/images/products/lighting-052.jpg,https://m.media-amazon.com/image/I/41OGMKxuGYL.jpg,Amazon.com,https://amazon-berkeley-objects.s3.us-east-1.amazonaws.com/index.html,CC BY 4.0,https://creativecommons.org/licenses/by/4.0/,Lighting,downscaled by dataset; no further edits
public/images/products/lighting-053.jpg,https://m.media-amazon.com/image/I/61X2qfPNCiL.jpg,Amazon.com,https://amazon-berkeley-objects.s3.us-east-1.amazonaws.com/index.html,CC BY 4.0,https://creativecommons.org/licenses/by/4.0/,Lighting,downscaled by dataset; no further edits
public/images/products/lighting-054.jpg,https://m.media-amazon.com/image/I/61I6OlmlqCL.jpg,Amazon.com,https://amazon-berkeley-objects.s3.us-east-1.amazonaws.com/index.html,CC BY 4.0,https://creativecommons.org/licenses/by/4.0/,Lighting,downscaled by dataset; no further edits
public/images/products/lighting-055.jpg,https://m.media-amazon.com/image/I/81gNPfehfsL.jpg,Amazon.com,https://amazon-berkeley-objects.s3.us-east-1.amazonaws.com/index.html,CC BY 4.0,https://creativecommons.org/licenses/by/4.0/,Lighting,downscaled by dataset; no further edits
public/images/products/lighting-056.jpg,https://m.media-amazon.com/image/I/81snyLpsUmL.jpg,Amazon.com,https://amazon-berkeley-objects.s3.us-east-1.amazonaws.com/index.html,CC BY 4.0,https://creativecommons.org/licenses/by/4.0/,Lighting,downscaled by dataset; no further edits
public/images/products/lighting-057.jpg,https://m.media-amazon.com/image/I/81pQhSWf3gL.jpg,Amazon.com,https://amazon-berkeley-objects.s3.us-east-1.amazonaws.com/index.html,CC BY 4.0,https://creativecommons.org/licenses/by/4.0/,Lighting,downscaled by dataset; no further edits
public/images/products/lighting-058.jpg,https://m.media-amazon.com/image/I/71We3l+k63L.jpg,Amazon.com,https://amazon-berkeley-objects.s3.us-east-1.amazonaws.com/index.html,CC BY 4.0,https://creativecommons.org/licenses/by/4.0/,Lighting,downscaled by dataset; no further edits
public/images/products/lighting-059.jpg,https://m.media-amazon.com/image/I/61m8YmNQd-L.jpg,Amazon.com,https://amazon-berkeley-objects.s3.us-east-1.amazonaws.com/index.html,CC BY 4.0,https://creativecommons.org/licenses/by/4.0/,Lighting,downscaled by dataset; no further edits
public/images/products/lighting-060.jpg,https://m.media-amazon.com/image/I/719OvzuqRbL.jpg,Amazon.com,https://amazon-berkeley-objects.s3.us-east-1.amazonaws.com/index.html,CC BY 4.0,https://creativecommons.org/licenses/by/4.0/,Lighting,downscaled by dataset; no further edits
public/images/products/lighting-061.jpg,https://m.media-amazon.com/image/I/71+HjmJy1NL.jpg,Amazon.com,https://amazon-berkeley-objects.s3.us-east-1.amazonaws.com/index.html,CC BY 4.0,https://creativecommons.org/licenses/by/4.0/,Lighting,downscaled by dataset; no further edits
public/images/products/lighting-062.jpg,https://m.media-amazon.com/image/I/41ZD5sk-jBL.jpg,Amazon.com,https://amazon-berkeley-objects.s3.us-east-1.amazonaws.com/index.html,CC BY 4.0,https://creativecommons.org/licenses/by/4.0/,Lighting,downscaled by dataset; no further edits
public/images/products/lighting-063.jpg,https://m.media-amazon.com/image/I/51s7o-3+osL.jpg,Amazon.com,https://amazon-berkeley-objects.s3.us-east-1.amazonaws.com/index.html,CC BY 4.0,https://creativecommons.org/licenses/by/4.0/,Lighting,downscaled by dataset; no further edits
public/images/products/lighting-064.jpg,https://m.media-amazon.com/image/I/41UWz6234XL.jpg,Amazon.com,https://amazon-berkeley-objects.s3.us-east-1.amazonaws.com/index.html,CC BY 4.0,https://creativecommons.org/licenses/by/4.0/,Lighting,downscaled by dataset; no further edits
public/images/products/lighting-065.jpg,https://m.media-amazon.com/image/I/81NGj1FdlEL.jpg,Amazon.com,https://amazon-berkeley-objects.s3.us-east-1.amazonaws.com/index.html,CC BY 4.0,https://creativecommons.org/licenses/by/4.0/,Lighting,downscaled by dataset; no further edits
public/images/products/lighting-066.jpg,https://m.media-amazon.com/image/I/81+gQxC1mnL.jpg,Amazon.com,https://amazon-berkeley-objects.s3.us-east-1.amazonaws.com/index.html,CC BY 4.0,https://creativecommons.org/licenses/by/4.0/,Lighting,downscaled by dataset; no further edits
public/images/products/lighting-067.jpg,https://m.media-amazon.com/image/I/81J5istsvTL.jpg,Amazon.com,https://amazon-berkeley-objects.s3.us-east-1.amazonaws.com/index.html,CC BY 4.0,https://creativecommons.org/licenses/by/4.0/,Lighting,downscaled by dataset; no further edits
public/images/products/lighting-068.jpg,https://m.media-amazon.com/image/I/61S8iVFOFnL.jpg,Amazon.com,https://amazon-berkeley-objects.s3.us-east-1.amazonaws.com/index.html,CC BY 4.0,https://creativecommons.org/licenses/by/4.0/,Lighting,downscaled by dataset; no further edits
public/images/products/lighting-069.jpg,https://m.media-amazon.com/image/I/51pmpB-dbPL.jpg,Amazon.com,https://amazon-berkeley-objects.s3.us-east-1.amazonaws.com/index.html,CC BY 4.0,https://creativecommons.org/licenses/by/4.0/,Lighting,downscaled by dataset; no further edits
public/images/products/lighting-070.jpg,https://m.media-amazon.com/image/I/61g0Ug1ZLxL.jpg,Amazon.com,https://amazon-berkeley-objects.s3.us-east-1.amazonaws.com/index.html,CC BY 4.0,https://creativecommons.org/licenses/by/4.0/,Lighting,downscaled by dataset; no further edits
public/images/products/lighting-071.jpg,https://m.media-amazon.com/image/I/716m+KM+SUL.jpg,Amazon.com,https://amazon-berkeley-objects.s3.us-east-1.amazonaws.com/index.html,CC BY 4.0,https://creativecommons.org/licenses/by/4.0/,Lighting,downscaled by dataset; no further edits
public/images/products/lighting-072.jpg,https://m.media-amazon.com/image/I/414fOkz+04L.jpg,Amazon.com,https://amazon-berkeley-objects.s3.us-east-1.amazonaws.com/index.html,CC BY 4.0,https://creativecommons.org/licenses/by/4.0/,Lighting,downscaled by dataset; no further edits
public/images/products/lighting-073.jpg,https://m.media-amazon.com/image/I/718YTXcMsKL.jpg,Amazon.com,https://amazon-berkeley-objects.s3.us-east-1.amazonaws.com/index.html,CC BY 4.0,https://creativecommons.org/licenses/by/4.0/,Lighting,downscaled by dataset; no further edits
public/images/products/lighting-074.jpg,https://m.media-amazon.com/image/I/81nPiM7rbEL.jpg,Amazon.com,https://amazon-berkeley-objects.s3.us-east-1.amazonaws.com/index.html,CC BY 4.0,https://creativecommons.org/licenses/by/4.0/,Lighting,downscaled by dataset; no further edits
public/images/products/lighting-075.jpg,https://m.media-amazon.com/image/I/7132K9iNBNL.jpg,Amazon.com,https://amazon-berkeley-objects.s3.us-east-1.amazonaws.com/index.html,CC BY 4.0,https://creativecommons.org/licenses/by/4.0/,Lighting,downscaled by dataset; no further edits
public/images/products/lighting-076.jpg,https://m.media-amazon.com/image/I/51-+pa-N-BL.jpg,Amazon.com,https://amazon-berkeley-objects.s3.us-east-1.amazonaws.com/index.html,CC BY 4.0,https://creativecommons.org/licenses/by/4.0/,Lighting,downscaled by dataset; no further edits
public/images/products/lighting-077.jpg,https://m.media-amazon.com/image/I/71hKE5fT1kL.jpg,Amazon.com,https://amazon-berkeley-objects.s3.us-east-1.amazonaws.com/index.html,CC BY 4.0,https://creativecommons.org/licenses/by/4.0/,Lighting,downscaled by dataset; no further edits
public/images/products/lighting-078.jpg,https://m.media-amazon.com/image/I/514PQRP0YTL.jpg,Amazon.com,https://amazon-berkeley-objects.s3.us-east-1.amazonaws.com/index.html,CC BY 4.0,https://creativecommons.org/licenses/by/4.0/,Lighting,downscaled by dataset; no further edits
public/images/products/lighting-079.jpg,https://m.media-amazon.com/image/I/61X1l1hgJ0L.jpg,Amazon.com,https://amazon-berkeley-objects.s3.us-east-1.amazonaws.com/index.html,CC BY 4.0,https://creativecommons.org/licenses/by/4.0/,Lighting,downscaled by dataset; no further edits
public/images/products/lighting-080.jpg,https://m.media-amazon.com/image/I/51mSwtPVJ1L.jpg,Amazon.com,https://amazon-berkeley-objects.s3.us-east-1.amazonaws.com/index.html,CC BY 4.0,https://creativecommons.org/licenses/by/4.0/,Lighting,downscaled by dataset; no further edits
public/images/products/lighting-081.jpg,https://m.media-amazon.com/image/I/41cat42DngL.jpg,Amazon.com,https://amazon-berkeley-objects.s3.us-east-1.amazonaws.com/index.html,CC BY 4.0,https://creativecommons.org/licenses/by/4.0/,Lighting,downscaled by dataset; no further edits
public/images/products/lighting-082.jpg,https://m.media-amazon.com/image/I/61yP8jSJJ8L.jpg,Amazon.com,https://amazon-berkeley-objects.s3.us-east-1.amazonaws.com/index.html,CC BY 4.0,https://creativecommons.org/licenses/by/4.0/,Lighting,downscaled by dataset; no further edits
public/images/products/lighting-083.jpg,https://m.media-amazon.com/image/I/618cKEeuoML.jpg,Amazon.com,https://amazon-berkeley-objects.s3.us-east-1.amazonaws.com/index.html,CC BY 4.0,https://creativecommons.org/licenses/by/4.0/,Lighting,downscaled by dataset; no further edits
public/images/products/lighting-084.jpg,https://m.media-amazon.com/image/I/91DRqTLxFRL.jpg,Amazon.com,https://amazon-berkeley-objects.s3.us-east-1.amazonaws.com/index.html,CC BY 4.0,https://creativecommons.org/licenses/by/4.0/,Lighting,downscaled by dataset; no further edits
public/images/products/lighting-085.jpg,https://m.media-amazon.com/image/I/71ZIGDUzEjL.jpg,Amazon.com,https://amazon-berkeley-objects.s3.us-east-1.amazonaws.com/index.html,CC BY 4.0,https://creativecommons.org/licenses/by/4.0/,Lighting,downscaled by dataset; no further edits
public/images/products/lighting-086.jpg,https://m.media-amazon.com/image/I/41UlAO36NoL.jpg,Amazon.com,https://amazon-berkeley-objects.s3.us-east-1.amazonaws.com/index.html,CC BY 4.0,https://creativecommons.org/licenses/by/4.0/,Lighting,downscaled by dataset; no further edits
public/images/products/lighting-087.jpg,https://m.media-amazon.com/image/I/81x9tPbhyrL.jpg,Amazon.com,https://amazon-berkeley-objects.s3.us-east-1.amazonaws.com/index.html,CC BY 4.0,https://creativecommons.org/licenses/by/4.0/,Lighting,downscaled by dataset; no further edits
public/images/products/lighting-088.jpg,https://m.media-amazon.com/image/I/61swV6XsvzL.jpg,Amazon.com,https://amazon-berkeley-objects.s3.us-east-1.amazonaws.com/index.html,CC BY 4.0,https://creativecommons.org/licenses/by/4.0/,Lighting,downscaled by dataset; no further edits
public/images/products/lighting-089.jpg,https://m.media-amazon.com/image/I/61Jvq4EQSCL.jpg,Amazon.com,https://amazon-berkeley-objects.s3.us-east-1.amazonaws.com/index.html,CC BY 4.0,https://creativecommons.org/licenses/by/4.0/,Lighting,downscaled by dataset; no further edits
public/images/products/lighting-090.jpg,https://m.media-amazon.com/image/I/819gqq64z0L.jpg,Amazon.com,https://amazon-berkeley-objects.s3.us-east-1.amazonaws.com/index.html,CC BY 4.0,https://creativecommons.org/licenses/by/4.0/,Lighting,downscaled by dataset; no further edits
public/images/products/lighting-091.jpg,https://m.media-amazon.com/image/I/61FjV+f4UQL.jpg,Amazon.com,https://amazon-berkeley-objects.s3.us-east-1.amazonaws.com/index.html,CC BY 4.0,https://creativecommons.org/licenses/by/4.0/,Lighting,downscaled by dataset; no further edits
public/images/products/lighting-092.jpg,https://m.media-amazon.com/image/I/81XGVjvk74L.jpg,Amazon.com,https://amazon-berkeley-objects.s3.us-east-1.amazonaws.com/index.html,CC BY 4.0,https://creativecommons.org/licenses/by/4.0/,Lighting,downscaled by dataset; no further edits
public/images/products/lighting-093.jpg,https://m.media-amazon.com/image/I/71snHkrKBbL.jpg,Amazon.com,https://amazon-berkeley-objects.s3.us-east-1.amazonaws.com/index.html,CC BY 4.0,https://creativecommons.org/licenses/by/4.0/,Lighting,downscaled by dataset; no further edits
public/images/products/lighting-094.jpg,https://m.media-amazon.com/image/I/41eRREo0AfL.jpg,Amazon.com,https://amazon-berkeley-objects.s3.us-east-1.amazonaws.com/index.html,CC BY 4.0,https://creativecommons.org/licenses/by/4.0/,Lighting,downscaled by dataset; no further edits
public/images/products/lighting-095.jpg,https://m.media-amazon.com/image/I/71s5THr6mkL.jpg,Amazon.com,https://amazon-berkeley-objects.s3.us-east-1.amazonaws.com/index.html,CC BY 4.0,https://creativecommons.org/licenses/by/4.0/,Lighting,downscaled by dataset; no further edits
public/images/products/lighting-096.jpg,https://m.media-amazon.com/image/I/71BgAw6W9lL.jpg,Amazon.com,https://amazon-berkeley-objects.s3.us-east-1.amazonaws.com/index.html,CC BY 4.0,https://creativecommons.org/licenses/by/4.0/,Lighting,downscaled by dataset; no further edits
public/images/products/lighting-097.jpg,https://m.media-amazon.com/image/I/71dIbh+h+SL.jpg,Amazon.com,https://amazon-berkeley-objects.s3.us-east-1.amazonaws.com/index.html,CC BY 4.0,https://creativecommons.org/licenses/by/4.0/,Lighting,downscaled by dataset; no further edits
public/images/products/lighting-098.jpg,https://m.media-amazon.com/image/I/71Jf4R82JkL.jpg,Amazon.com,https://amazon-berkeley-objects.s3.us-east-1.amazonaws.com/index.html,CC BY 4.0,https://creativecommons.org/licenses/by/4.0/,Lighting,downscaled by dataset; no further edits
public/images/products/lighting-099.jpg,https://m.media-amazon.com/image/I/5135GTCOhwL.jpg,Amazon.com,https://amazon-berkeley-objects.s3.us-east-1.amazonaws.com/index.html,CC BY 4.0,https://creativecommons.org/licenses/by/4.0/,Lighting,downscaled by dataset; no further edits
public/images/products/lighting-100.jpg,https://m.media-amazon.com/image/I/71GgNXUU7QL.jpg,Amazon.com,https://amazon-berkeley-objects.s3.us-east-1.amazonaws.com/index.html,CC BY 4.0,https://creativecommons.org/licenses/by/4.0/,Lighting,downscaled by dataset; no further edits
public/images/products/materials-001.jpg,https://m.media-amazon.com/image/I/819rZhqKTjL.jpg,Amazon.com,https://amazon-berkeley-objects.s3.us-east-1.amazonaws.com/index.html,CC BY 4.0,https://creativecommons.org/licenses/by/4.0/,Materials & Consumables,downscaled by dataset; no further edits
public/images/products/materials-002.jpg,https://m.media-amazon.com/image/I/717E10FVR2L.jpg,Amazon.com,https://amazon-berkeley-objects.s3.us-east-1.amazonaws.com/index.html,CC BY 4.0,https://creativecommons.org/licenses/by/4.0/,Materials & Consumables,downscaled by dataset; no further edits
public/images/products/materials-003.jpg,https://m.media-amazon.com/image/I/81g0BaEllrL.jpg,Amazon.com,https://amazon-berkeley-objects.s3.us-east-1.amazonaws.com/index.html,CC BY 4.0,https://creativecommons.org/licenses/by/4.0/,Materials & Consumables,downscaled by dataset; no further edits
public/images/products/materials-004.jpg,https://m.media-amazon.com/image/I/61qJlQ-p1PL.jpg,Amazon.com,https://amazon-berkeley-objects.s3.us-east-1.amazonaws.com/index.html,CC BY 4.0,https://creativecommons.org/licenses/by/4.0/,Materials & Consumables,downscaled by dataset; no further edits
public/images/products/materials-005.jpg,https://m.media-amazon.com/image/I/51T4ggphQOL.jpg,Amazon.com,https://amazon-berkeley-objects.s3.us-east-1.amazonaws.com/index.html,CC BY 4.0,https://creativecommons.org/licenses/by/4.0/,Materials & Consumables,downscaled by dataset; no further edits
public/images/products/materials-006.jpg,https://m.media-amazon.com/image/I/61XX9DPTGQL.jpg,Amazon.com,https://amazon-berkeley-objects.s3.us-east-1.amazonaws.com/index.html,CC BY 4.0,https://creativecommons.org/licenses/by/4.0/,Materials & Consumables,downscaled by dataset; no further edits
public/images/products/materials-007.jpg,https://m.media-amazon.com/image/I/51yfFLGJouL.jpg,Amazon.com,https://amazon-berkeley-objects.s3.us-east-1.amazonaws.com/index.html,CC BY 4.0,https://creativecommons.org/licenses/by/4.0/,Materials & Consumables,downscaled by dataset; no further edits
public/images/products/materials-008.jpg,https://m.media-amazon.com/image/I/71SYBtQ75OL.jpg,Amazon.com,https://amazon-berkeley-objects.s3.us-east-1.amazonaws.com/index.html,CC BY 4.0,https://creativecommons.org/licenses/by/4.0/,Materials & Consumables,downscaled by dataset; no further edits
public/images/products/materials-009.jpg,https://m.media-amazon.com/image/I/816086KnWqL.jpg,Amazon.com,https://amazon-berkeley-objects.s3.us-east-1.amazonaws.com/index.html,CC BY 4.0,https://creativecommons.org/licenses/by/4.0/,Materials & Consumables,downscaled by dataset; no further edits
public/images/products/materials-010.jpg,https://m.media-amazon.com/image/I/71w8YOy2gKL.jpg,Amazon.com,https://amazon-berkeley-objects.s3.us-east-1.amazonaws.com/index.html,CC BY 4.0,https://creativecommons.org/licenses/by/4.0/,Materials & Consumables,downscaled by dataset; no further edits
public/images/products/materials-011.jpg,https://m.media-amazon.com/image/I/71OMMPtXjjL.jpg,Amazon.com,https://amazon-berkeley-objects.s3.us-east-1.amazonaws.com/index.html,CC BY 4.0,https://creativecommons.org/licenses/by/4.0/,Materials & Consumables,downscaled by dataset; no further edits
public/images/products/materials-012.jpg,https://m.media-amazon.com/image/I/71Np28PqtWL.jpg,Amazon.com,https://amazon-berkeley-objects.s3.us-east-1.amazonaws.com/index.html,CC BY 4.0,https://creativecommons.org/licenses/by/4.0/,Materials & Consumables,downscaled by dataset; no further edits
public/images/products/materials-013.jpg,https://m.media-amazon.com/image/I/61OpA35fawL.jpg,Amazon.com,https://amazon-berkeley-objects.s3.us-east-1.amazonaws.com/index.html,CC BY 4.0,https://creativecommons.org/licenses/by/4.0/,Materials & Consumables,downscaled by dataset; no further edits
public/images/products/materials-014.jpg,https://m.media-amazon.com/image/I/81UtTNeFLML.jpg,Amazon.com,https://amazon-berkeley-objects.s3.us-east-1.amazonaws.com/index.html,CC BY 4.0,https://creativecommons.org/licenses/by/4.0/,Materials & Consumables,downscaled by dataset; no further edits
public/images/products/materials-015.jpg,https://m.media-amazon.com/image/I/61wFHZ-1IhL.jpg,Amazon.com,https://amazon-berkeley-objects.s3.us-east-1.amazonaws.com/index.html,CC BY 4.0,https://creativecommons.org/licenses/by/4.0/,Materials & Consumables,downscaled by dataset; no further edits
public/images/products/materials-016.jpg,https://m.media-amazon.com/image/I/71WpiDVFZPL.jpg,Amazon.com,https://amazon-berkeley-objects.s3.us-east-1.amazonaws.com/index.html,CC BY 4.0,https://creativecommons.org/licenses/by/4.0/,Materials & Consumables,downscaled by dataset; no further edits
public/images/products/materials-017.jpg,https://m.media-amazon.com/image/I/412dNaQ3UAL.jpg,Amazon.com,https://amazon-berkeley-objects.s3.us-east-1.amazonaws.com/index.html,CC BY 4.0,https://creativecommons.org/licenses/by/4.0/,Materials & Consumables,downscaled by dataset; no further edits
public/images/products/materials-018.jpg,https://m.media-amazon.com/image/I/71jIez-VB8L.jpg,Amazon.com,https://amazon-berkeley-objects.s3.us-east-1.amazonaws.com/index.html,CC BY 4.0,https://creativecommons.org/licenses/by/4.0/,Materials & Consumables,downscaled by dataset; no further edits
public/images/products/materials-019.jpg,https://m.media-amazon.com/image/I/81x5aAkrdrL.jpg,Amazon.com,https://amazon-berkeley-objects.s3.us-east-1.amazonaws.com/index.html,CC BY 4.0,https://creativecommons.org/licenses/by/4.0/,Materials & Consumables,downscaled by dataset; no further edits
public/images/products/materials-020.jpg,https://m.media-amazon.com/image/I/61amSh-wtCL.jpg,Amazon.com,https://amazon-berkeley-objects.s3.us-east-1.amazonaws.com/index.html,CC BY 4.0,https://creativecommons.org/licenses/by/4.0/,Materials & Consumables,downscaled by dataset; no further edits
public/images/products/materials-021.jpg,https://m.media-amazon.com/image/I/81b1kXZtkML.jpg,Amazon.com,https://amazon-berkeley-objects.s3.us-east-1.amazonaws.com/index.html,CC BY 4.0,https://creativecommons.org/licenses/by/4.0/,Materials & Consumables,downscaled by dataset; no further edits
public/images/products/materials-022.jpg,https://m.media-amazon.com/image/I/81UpCgu4dBL.jpg,Amazon.com,https://amazon-berkeley-objects.s3.us-east-1.amazonaws.com/index.html,CC BY 4.0,https://creativecommons.org/licenses/by/4.0/,Materials & Consumables,downscaled by dataset; no further edits
public/images/products/materials-023.jpg,https://m.media-amazon.com/image/I/71CyFaD7fZL.jpg,Amazon.com,https://amazon-berkeley-objects.s3.us-east-1.amazonaws.com/index.html,CC BY 4.0,https://creativecommons.org/licenses/by/4.0/,Materials & Consumables,downscaled by dataset; no further edits
public/images/products/materials-024.jpg,https://m.media-amazon.com/image/I/81ixq4P0d5L.jpg,Amazon.com,https://amazon-berkeley-objects.s3.us-east-1.amazonaws.com/index.html,CC BY 4.0,https://creativecommons.org/licenses/by/4.0/,Materials & Consumables,downscaled by dataset; no further edits
public/images/products/materials-025.jpg,https://m.media-amazon.com/image/I/619OsTNfOzL.jpg,Amazon.com,https://amazon-berkeley-objects.s3.us-east-1.amazonaws.com/index.html,CC BY 4.0,https://creativecommons.org/licenses/by/4.0/,Materials & Consumables,downscaled by dataset; no further edits
public/images/products/materials-026.jpg,https://m.media-amazon.com/image/I/612x7AqyRCL.jpg,Amazon.com,https://amazon-berkeley-objects.s3.us-east-1.amazonaws.com/index.html,CC BY 4.0,https://creativecommons.org/licenses/by/4.0/,Materials & Consumables,downscaled by dataset; no further edits
public/images/products/materials-027.jpg,https://m.media-amazon.com/image/I/91Uz-dLoNYL.jpg,Amazon.com,https://amazon-berkeley-objects.s3.us-east-1.amazonaws.com/index.html,CC BY 4.0,https://creativecommons.org/licenses/by/4.0/,Materials & Consumables,downscaled by dataset; no further edits
public/images/products/materials-028.jpg,https://m.media-amazon.com/image/I/31JwR88unuL.jpg,Amazon.com,https://amazon-berkeley-objects.s3.us-east-1.amazonaws.com/index.html,CC BY 4.0,https://creativecommons.org/licenses/by/4.0/,Materials & Consumables,downscaled by dataset; no further edits
public/images/products/materials-029.jpg,https://m.media-amazon.com/image/I/81Mx-Qe1NEL.jpg,Amazon.com,https://amazon-berkeley-objects.s3.us-east-1.amazonaws.com/index.html,CC BY 4.0,https://creativecommons.org/licenses/by/4.0/,Materials & Consumables,downscaled by dataset; no further edits
public/images/products/materials-030.jpg,https://m.media-amazon.com/image/I/71E1CoT5V7L.jpg,Amazon.com,https://amazon-berkeley-objects.s3.us-east-1.amazonaws.com/index.html,CC BY 4.0,https://creativecommons.org/licenses/by/4.0/,Materials & Consumables,downscaled by dataset; no further edits
public/images/products/materials-031.jpg,https://m.media-amazon.com/image/I/31e5P115fvL.jpg,Amazon.com,https://amazon-berkeley-objects.s3.us-east-1.amazonaws.com/index.html,CC BY 4.0,https://creativecommons.org/licenses/by/4.0/,Materials & Consumables,downscaled by dataset; no further edits
public/images/products/materials-032.jpg,https://m.media-amazon.com/image/I/31YrtV4bkML.jpg,Amazon.com,https://amazon-berkeley-objects.s3.us-east-1.amazonaws.com/index.html,CC BY 4.0,https://creativecommons.org/licenses/by/4.0/,Materials & Consumables,downscaled by dataset; no further edits
public/images/products/materials-033.jpg,https://m.media-amazon.com/image/I/61RxMSuXQ9L.jpg,Amazon.com,https://amazon-berkeley-objects.s3.us-east-1.amazonaws.com/index.html,CC BY 4.0,https://creativecommons.org/licenses/by/4.0/,Materials & Consumables,downscaled by dataset; no further edits
public/images/products/materials-034.jpg,https://m.media-amazon.com/image/I/91JV9n6r0LL.jpg,Amazon.com,https://amazon-berkeley-objects.s3.us-east-1.amazonaws.com/index.html,CC BY 4.0,https://creativecommons.org/licenses/by/4.0/,Materials & Consumables,downscaled by dataset; no further edits
public/images/products/materials-035.jpg,https://m.media-amazon.com/image/I/9154f8zK31L.jpg,Amazon.com,https://amazon-berkeley-objects.s3.us-east-1.amazonaws.com/index.html,CC BY 4.0,https://creativecommons.org/licenses/by/4.0/,Materials & Consumables,downscaled by dataset; no further edits
public/images/products/materials-036.jpg,https://m.media-amazon.com/image/I/811imymFxtL.jpg,Amazon.com,https://amazon-berkeley-objects.s3.us-east-1.amazonaws.com/index.html,CC BY 4.0,https://creativecommons.org/licenses/by/4.0/,Materials & Consumables,downscaled by dataset; no further edits
public/images/products/materials-037.jpg,https://m.media-amazon.com/image/I/61OnkGVhMWL.jpg,Amazon.com,https://amazon-berkeley-objects.s3.us-east-1.amazonaws.com/index.html,CC BY 4.0,https://creativecommons.org/licenses/by/4.0/,Materials & Consumables,downscaled by dataset; no further edits
public/images/products/materials-038.jpg,https://m.media-amazon.com/image/I/81K0qwKk-NL.jpg,Amazon.com,https://amazon-berkeley-objects.s3.us-east-1.amazonaws.com/index.html,CC BY 4.0,https://creativecommons.org/licenses/by/4.0/,Materials & Consumables,downscaled by dataset; no further edits
public/images/products/materials-039.jpg,https://m.media-amazon.com/image/I/51sf63cS6qL.jpg,Amazon.com,https://amazon-berkeley-objects.s3.us-east-1.amazonaws.com/index.html,CC BY 4.0,https://creativecommons.org/licenses/by/4.0/,Materials & Consumables,downscaled by dataset; no further edits
public/images/products/materials-040.jpg,https://m.media-amazon.com/image/I/61131XruTxL.jpg,Amazon.com,https://amazon-berkeley-objects.s3.us-east-1.amazonaws.com/index.html,CC BY 4.0,https://creativecommons.org/licenses/by/4.0/,Materials & Consumables,downscaled by dataset; no further edits
public/images/products/materials-041.jpg,https://m.media-amazon.com/image/I/41KBJ-MAGIL.jpg,Amazon.com,https://amazon-berkeley-objects.s3.us-east-1.amazonaws.com/index.html,CC BY 4.0,https://creativecommons.org/licenses/by/4.0/,Materials & Consumables,downscaled by dataset; no further edits
public/images/products/materials-042.jpg,https://m.media-amazon.com/image/I/61R+JGD8iiL.jpg,Amazon.com,https://amazon-berkeley-objects.s3.us-east-1.amazonaws.com/index.html,CC BY 4.0,https://creativecommons.org/licenses/by/4.0/,Materials & Consumables,downscaled by dataset; no further edits
public/images/products/materials-043.jpg,https://m.media-amazon.com/image/I/81TwC+QcQXL.jpg,Amazon.com,https://amazon-berkeley-objects.s3.us-east-1.amazonaws.com/index.html,CC BY 4.0,https://creativecommons.org/licenses/by/4.0/,Materials & Consumables,downscaled by dataset; no further edits
public/images/products/materials-044.jpg,https://m.media-amazon.com/image/I/71VCizDbOGL.jpg,Amazon.com,https://amazon-berkeley-objects.s3.us-east-1.amazonaws.com/index.html,CC BY 4.0,https://creativecommons.org/licenses/by/4.0/,Materials & Consumables,downscaled by dataset; no further edits
public/images/products/materials-045.jpg,https://m.media-amazon.com/image/I/71hQnuvAm5L.jpg,Amazon.com,https://amazon-berkeley-objects.s3.us-east-1.amazonaws.com/index.html,CC BY 4.0,https://creativecommons.org/licenses/by/4.0/,Materials & Consumables,downscaled by dataset; no further edits
public/images/products/materials-046.jpg,https://m.media-amazon.com/image/I/81DdaEXr5iL.jpg,Amazon.com,https://amazon-berkeley-objects.s3.us-east-1.amazonaws.com/index.html,CC BY 4.0,https://creativecommons.org/licenses/by/4.0/,Materials & Consumables,downscaled by dataset; no further edits
public/images/products/materials-047.jpg,https://m.media-amazon.com/image/I/81Y8sDKnZIL.jpg,Amazon.com,https://amazon-berkeley-objects.s3.us-east-1.amazonaws.com/index.html,CC BY 4.0,https://creativecommons.org/licenses/by/4.0/,Materials & Consumables,downscaled by dataset; no further edits
public/images/products/materials-048.jpg,https://m.media-amazon.com/image/I/81rOeLuYrsL.jpg,Amazon.com,https://amazon-berkeley-objects.s3.us-east-1.amazonaws.com/index.html,CC BY 4.0,https://creativecommons.org/licenses/by/4.0/,Materials & Consumables,downscaled by dataset; no further edits
public/images/products/materials-049.jpg,https://m.media-amazon.com/image/I/91-wD5D6KAL.jpg,Amazon.com,https://amazon-berkeley-objects.s3.us-east-1.amazonaws.com/index.html,CC BY 4.0,https://creativecommons.org/licenses/by/4.0/,Materials & Consumables,downscaled by dataset; no further edits
public/images/products/materials-050.jpg,https://m.media-amazon.com/image/I/61NqXjGQrrL.jpg,Amazon.com,https://amazon-berkeley-objects.s3.us-east-1.amazonaws.com/index.html,CC BY 4.0,https://creativecommons.org/licenses/by/4.0/,Materials & Consumables,downscaled by dataset; no further edits
public/images/products/materials-051.jpg,https://m.media-amazon.com/image/I/61LVc++Fn9L.jpg,Amazon.com,https://amazon-berkeley-objects.s3.us-east-1.amazonaws.com/index.html,CC BY 4.0,https://creativecommons.org/licenses/by/4.0/,Materials & Consumables,downscaled by dataset; no further edits
public/images/products/materials-052.jpg,https://m.media-amazon.com/image/I/3181IsDGWYL.jpg,Amazon.com,https://amazon-berkeley-objects.s3.us-east-1.amazonaws.com/index.html,CC BY 4.0,https://creativecommons.org/licenses/by/4.0/,Materials & Consumables,downscaled by dataset; no further edits
public/images/products/materials-053.jpg,https://m.media-amazon.com/image/I/71r-Yywi2rL.jpg,Amazon.com,https://amazon-berkeley-objects.s3.us-east-1.amazonaws.com/index.html,CC BY 4.0,https://creativecommons.org/licenses/by/4.0/,Materials & Consumables,downscaled by dataset; no further edits
public/images/products/materials-054.jpg,https://m.media-amazon.com/image/I/61VPB6KXVYL.jpg,Amazon.com,https://amazon-berkeley-objects.s3.us-east-1.amazonaws.com/index.html,CC BY 4.0,https://creativecommons.org/licenses/by/4.0/,Materials & Consumables,downscaled by dataset; no further edits
public/images/products/materials-055.jpg,https://m.media-amazon.com/image/I/61T1rCX5JWL.jpg,Amazon.com,https://amazon-berkeley-objects.s3.us-east-1.amazonaws.com/index.html,CC BY 4.0,https://creativecommons.org/licenses/by/4.0/,Materials & Consumables,downscaled by dataset; no further edits
public/images/products/materials-056.jpg,https://m.media-amazon.com/image/I/81lfavC4qCL.jpg,Amazon.com,https://amazon-berkeley-objects.s3.us-east-1.amazonaws.com/index.html,CC BY 4.0,https://creativecommons.org/licenses/by/4.0/,Materials & Consumables,downscaled by dataset; no further edits
public/images/products/materials-057.jpg,https://m.media-amazon.com/image/I/61SdiPJwgwL.jpg,Amazon.com,https://amazon-berkeley-objects.s3.us-east-1.amazonaws.com/index.html,CC BY 4.0,https://creativecommons.org/licenses/by/4.0/,Materials & Consumables,downscaled by dataset; no further edits
public/images/products/materials-058.jpg,https://m.media-amazon.com/image/I/81QevzE-ZPL.jpg,Amazon.com,https://amazon-berkeley-objects.s3.us-east-1.amazonaws.com/index.html,CC BY 4.0,https://creativecommons.org/licenses/by/4.0/,Materials & Consumables,downscaled by dataset; no further edits
public/images/products/materials-059.jpg,https://m.media-amazon.com/image/I/71PDAVfrf3L.jpg,Amazon.com,https://amazon-berkeley-objects.s3.us-east-1.amazonaws.com/index.html,CC BY 4.0,https://creativecommons.org/licenses/by/4.0/,Materials & Consumables,downscaled by dataset; no further edits
public/images/products/materials-060.jpg,https://m.media-amazon.com/image/I/81abFAZ-0bL.jpg,Amazon.com,https://amazon-berkeley-objects.s3.us-east-1.amazonaws.com/index.html,CC BY 4.0,https://creativecommons.org/licenses/by/4.0/,Materials & Consumables,downscaled by dataset; no further edits
public/images/products/materials-061.jpg,https://m.media-amazon.com/image/I/91OA42DgzoL.jpg,Amazon.com,https://amazon-berkeley-objects.s3.us-east-1.amazonaws.com/index.html,CC BY 4.0,https://creativecommons.org/licenses/by/4.0/,Materials & Consumables,downscaled by dataset; no further edits
public/images/products/materials-062.jpg,https://m.media-amazon.com/image/I/71dSapaWjjL.jpg,Amazon.com,https://amazon-berkeley-objects.s3.us-east-1.amazonaws.com/index.html,CC BY 4.0,https://creativecommons.org/licenses/by/4.0/,Materials & Consumables,downscaled by dataset; no further edits
public/images/products/materials-063.jpg,https://m.media-amazon.com/image/I/91e2E0qPUrL.jpg,Amazon.com,https://amazon-berkeley-objects.s3.us-east-1.amazonaws.com/index.html,CC BY 4.0,https://creativecommons.org/licenses/by/4.0/,Materials & Consumables,downscaled by dataset; no further edits
public/images/products/materials-064.jpg,https://m.media-amazon.com/image/I/51t5YYCgagL.jpg,Amazon.com,https://amazon-berkeley-objects.s3.us-east-1.amazonaws.com/index.html,CC BY 4.0,https://creativecommons.org/licenses/by/4.0/,Materials & Consumables,downscaled by dataset; no further edits
public/images/products/materials-065.jpg,https://m.media-amazon.com/image/I/71QzFIBxSiL.jpg,Amazon.com,https://amazon-berkeley-objects.s3.us-east-1.amazonaws.com/index.html,CC BY 4.0,https://creativecommons.org/licenses/by/4.0/,Materials & Consumables,downscaled by dataset; no further edits
public/images/products/materials-066.jpg,https://m.media-amazon.com/image/I/61ZWCec1uBL.jpg,Amazon.com,https://amazon-berkeley-objects.s3.us-east-1.amazonaws.com/index.html,CC BY 4.0,https://creativecommons.org/licenses/by/4.0/,Materials & Consumables,downscaled by dataset; no further edits
public/images/products/materials-067.jpg,https://m.media-amazon.com/image/I/91gdrFSe6LL.jpg,Amazon.com,https://amazon-berkeley-objects.s3.us-east-1.amazonaws.com/index.html,CC BY 4.0,https://creativecommons.org/licenses/by/4.0/,Materials & Consumables,downscaled by dataset; no further edits
public/images/products/materials-068.jpg,https://m.media-amazon.com/image/I/518TuuWi1uL.jpg,Amazon.com,https://amazon-berkeley-objects.s3.us-east-1.amazonaws.com/index.html,CC BY 4.0,https://creativecommons.org/licenses/by/4.0/,Materials & Consumables,downscaled by dataset; no further edits
public/images/products/materials-069.jpg,https://m.media-amazon.com/image/I/71i9DiR02gS.jpg,Amazon.com,https://amazon-berkeley-objects.s3.us-east-1.amazonaws.com/index.html,CC BY 4.0,https://creativecommons.org/licenses/by/4.0/,Materials & Consumables,downscaled by dataset; no further edits
public/images/products/materials-070.jpg,https://m.media-amazon.com/image/I/71gOmEBswSL.jpg,Amazon.com,https://amazon-berkeley-objects.s3.us-east-1.amazonaws.com/index.html,CC BY 4.0,https://creativecommons.org/licenses/by/4.0/,Materials & Consumables,downscaled by dataset; no further edits
public/images/products/materials-071.jpg,https://m.media-amazon.com/image/I/91l3fUVSlTL.jpg,Amazon.com,https://amazon-berkeley-objects.s3.us-east-1.amazonaws.com/index.html,CC BY 4.0,https://creativecommons.org/licenses/by/4.0/,Materials & Consumables,downscaled by dataset; no further edits
public/images/products/materials-072.jpg,https://m.media-amazon.com/image/I/81sHRkG9MmL.jpg,Amazon.com,https://amazon-berkeley-objects.s3.us-east-1.amazonaws.com/index.html,CC BY 4.0,https://creativecommons.org/licenses/by/4.0/,Materials & Consumables,downscaled by dataset; no further edits
public/images/products/materials-073.jpg,https://m.media-amazon.com/image/I/71-p+DipHHL.jpg,Amazon.com,https://amazon-berkeley-objects.s3.us-east-1.amazonaws.com/index.html,CC BY 4.0,https://creativecommons.org/licenses/by/4.0/,Materials & Consumables,downscaled by dataset; no further edits
public/images/products/materials-074.jpg,https://m.media-amazon.com/image/I/81kRYbBK3bL.jpg,Amazon.com,https://amazon-berkeley-objects.s3.us-east-1.amazonaws.com/index.html,CC BY 4.0,https://creativecommons.org/licenses/by/4.0/,Materials & Consumables,downscaled by dataset; no further edits
public/images/products/materials-075.jpg,https://m.media-amazon.com/image/I/91OF6AY3MEL.jpg,Amazon.com,https://amazon-berkeley-objects.s3.us-east-1.amazonaws.com/index.html,CC BY 4.0,https://creativecommons.org/licenses/by/4.0/,Materials & Consumables,downscaled by dataset; no further edits
public/images/products/materials-076.jpg,https://m.media-amazon.com/image/I/61ZpbbOfsCL.jpg,Amazon.com,https://amazon-berkeley-objects.s3.us-east-1.amazonaws.com/index.html,CC BY 4.0,https://creativecommons.org/licenses/by/4.0/,Materials & Consumables,downscaled by dataset; no further edits
public/images/products/materials-077.jpg,https://m.media-amazon.com/image/I/81vU1pkzEdL.jpg,Amazon.com,https://amazon-berkeley-objects.s3.us-east-1.amazonaws.com/index.html,CC BY 4.0,https://creativecommons.org/licenses/by/4.0/,Materials & Consumables,downscaled by dataset; no further edits
public/images/products/materials-078.jpg,https://m.media-amazon.com/image/I/81knRwGvkdL.jpg,Amazon.com,https://amazon-berkeley-objects.s3.us-east-1.amazonaws.com/index.html,CC BY 4.0,https://creativecommons.org/licenses/by/4.0/,Materials & Consumables,downscaled by dataset; no further edits
public/images/products/materials-079.jpg,https://m.media-amazon.com/image/I/61sm+8V3hiL.jpg,Amazon.com,https://amazon-berkeley-objects.s3.us-east-1.amazonaws.com/index.html,CC BY 4.0,https://creativecommons.org/licenses/by/4.0/,Materials & Consumables,downscaled by dataset; no further edits
public/images/products/materials-080.jpg,https://m.media-amazon.com/image/I/61NRIIFxwZL.jpg,Amazon.com,https://amazon-berkeley-objects.s3.us-east-1.amazonaws.com/index.html,CC BY 4.0,https://creativecommons.org/licenses/by/4.0/,Materials & Consumables,downscaled by dataset; no further edits
public/images/products/materials-081.jpg,https://m.media-amazon.com/image/I/814kDQlstrL.jpg,Amazon.com,https://amazon-berkeley-objects.s3.us-east-1.amazonaws.com/index.html,CC BY 4.0,https://creativecommons.org/licenses/by/4.0/,Materials & Consumables,downscaled by dataset; no further edits
public/images/products/materials-082.jpg,https://m.media-amazon.com/image/I/61KEZUU1-KL.jpg,Amazon.com,https://amazon-berkeley-objects.s3.us-east-1.amazonaws.com/index.html,CC BY 4.0,https://creativecommons.org/licenses/by/4.0/,Materials & Consumables,downscaled by dataset; no further edits
public/images/products/materials-083.jpg,https://m.media-amazon.com/image/I/61VfBIsr9uL.jpg,Amazon.com,https://amazon-berkeley-objects.s3.us-east-1.amazonaws.com/index.html,CC BY 4.0,https://creativecommons.org/licenses/by/4.0/,Materials & Consumables,downscaled by dataset; no further edits
public/images/products/materials-084.jpg,https://m.media-amazon.com/image/I/71pbj-xryFL.jpg,Amazon.com,https://amazon-berkeley-objects.s3.us-east-1.amazonaws.com/index.html,CC BY 4.0,https://creativecommons.org/licenses/by/4.0/,Materials & Consumables,downscaled by dataset; no further edits
public/images/products/materials-085.jpg,https://m.media-amazon.com/image/I/71WJoxQmfpL.jpg,Amazon.com,https://amazon-berkeley-objects.s3.us-east-1.amazonaws.com/index.html,CC BY 4.0,https://creativecommons.org/licenses/by/4.0/,Materials & Consumables,downscaled by dataset; no further edits
public/images/products/materials-086.jpg,https://m.media-amazon.com/image/I/81Lo0DS2kpL.jpg,Amazon.com,https://amazon-berkeley-objects.s3.us-east-1.amazonaws.com/index.html,CC BY 4.0,https://creativecommons.org/licenses/by/4.0/,Materials & Consumables,downscaled by dataset; no further edits
public/images/products/materials-087.jpg,https://m.media-amazon.com/image/I/61r22k2ZWtL.jpg,Amazon.com,https://amazon-berkeley-objects.s3.us-east-1.amazonaws.com/index.html,CC BY 4.0,https://creativecommons.org/licenses/by/4.0/,Materials & Consumables,downscaled by dataset; no further edits
public/images/products/materials-088.jpg,https://m.media-amazon.com/image/I/816RJEo-rhL.jpg,Amazon.com,https://amazon-berkeley-objects.s3.us-east-1.amazonaws.com/index.html,CC BY 4.0,https://creativecommons.org/licenses/by/4.0/,Materials & Consumables,downscaled by dataset; no further edits
public/images/products/materials-089.jpg,https://m.media-amazon.com/image/I/61L2LXltufL.jpg,Amazon.com,https://amazon-berkeley-objects.s3.us-east-1.amazonaws.com/index.html,CC BY 4.0,https://creativecommons.org/licenses/by/4.0/,Materials & Consumables,downscaled by dataset; no further edits
public/images/products/materials-090.jpg,https://m.media-amazon.com/image/I/51BiLVsiRuL.jpg,Amazon.com,https://amazon-berkeley-objects.s3.us-east-1.amazonaws.com/index.html,CC BY 4.0,https://creativecommons.org/licenses/by/4.0/,Materials & Consumables,downscaled by dataset; no further edits
public/images/products/materials-091.jpg,https://m.media-amazon.com/image/I/81P7HUPyLRL.jpg,Amazon.com,https://amazon-berkeley-objects.s3.us-east-1.amazonaws.com/index.html,CC BY 4.0,https://creativecommons.org/licenses/by/4.0/,Materials & Consumables,downscaled by dataset; no further edits
public/images/products/materials-092.jpg,https://m.media-amazon.com/image/I/71AEzpMDfcL.jpg,Amazon.com,https://amazon-berkeley-objects.s3.us-east-1.amazonaws.com/index.html,CC BY 4.0,https://creativecommons.org/licenses/by/4.0/,Materials & Consumables,downscaled by dataset; no further edits
public/images/products/materials-093.jpg,https://m.media-amazon.com/image/I/61W9O5gkSFL.jpg,Amazon.com,https://amazon-berkeley-objects.s3.us-east-1.amazonaws.com/index.html,CC BY 4.0,https://creativecommons.org/licenses/by/4.0/,Materials & Consumables,downscaled by dataset; no further edits
public/images/products/materials-094.jpg,https://m.media-amazon.com/image/I/717z2yUYN5L.jpg,Amazon.com,https://amazon-berkeley-objects.s3.us-east-1.amazonaws.com/index.html,CC BY 4.0,https://creativecommons.org/licenses/by/4.0/,Materials & Consumables,downscaled by dataset; no further edits
public/images/products/materials-095.jpg,https://m.media-amazon.com/image/I/51eFj1FjbGL.jpg,Amazon.com,https://amazon-berkeley-objects.s3.us-east-1.amazonaws.com/index.html,CC BY 4.0,https://creativecommons.org/licenses/by/4.0/,Materials & Consumables,downscaled by dataset; no further edits
public/images/products/materials-096.jpg,https://m.media-amazon.com/image/I/71aH0eJilDL.jpg,Amazon.com,https://amazon-berkeley-objects.s3.us-east-1.amazonaws.com/index.html,CC BY 4.0,https://creativecommons.org/licenses/by/4.0/,Materials & Consumables,downscaled by dataset; no further edits
public/images/products/materials-097.jpg,https://m.media-amazon.com/image/I/71s8Xk++btL.jpg,Amazon.com,https://amazon-berkeley-objects.s3.us-east-1.amazonaws.com/index.html,CC BY 4.0,https://creativecommons.org/licenses/by/4.0/,Materials & Consumables,downscaled by dataset; no further edits
public/images/products/materials-098.jpg,https://m.media-amazon.com/image/I/61v+KwbGgCL.jpg,Amazon.com,https://amazon-berkeley-objects.s3.us-east-1.amazonaws.com/index.html,CC BY 4.0,https://creativecommons.org/licenses/by/4.0/,Materials & Consumables,downscaled by dataset; no further edits
public/images/products/materials-099.jpg,https://m.media-amazon.com/image/I/718dTz54kLL.jpg,Amazon.com,https://amazon-berkeley-objects.s3.us-east-1.amazonaws.com/index.html,CC BY 4.0,https://creativecommons.org/licenses/by/4.0/,Materials & Consumables,downscaled by dataset; no further edits
public/images/products/materials-100.jpg,https://m.media-amazon.com/image/I/51mL4mhwrlL.jpg,Amazon.com,https://amazon-berkeley-objects.s3.us-east-1.amazonaws.com/index.html,CC BY 4.0,https://creativecommons.org/licenses/by/4.0/,Materials & Consumables,downscaled by dataset; no further edits
public/images/products/outdoor-garden-001.jpg,https://m.media-amazon.com/image/I/A1GTII3oz+L.jpg,Amazon.com,https://amazon-berkeley-objects.s3.us-east-1.amazonaws.com/index.html,CC BY 4.0,https://creativecommons.org/licenses/by/4.0/,Outdoor & Garden,downscaled by dataset; no further edits
public/images/products/outdoor-garden-002.jpg,https://m.media-amazon.com/image/I/71wNBqAsiCL.jpg,Amazon.com,https://amazon-berkeley-objects.s3.us-east-1.amazonaws.com/index.html,CC BY 4.0,https://creativecommons.org/licenses/by/4.0/,Outdoor & Garden,downscaled by dataset; no further edits
public/images/products/outdoor-garden-003.jpg,https://m.media-amazon.com/image/I/61pvmOKyKyL.jpg,Amazon.com,https://amazon-berkeley-objects.s3.us-east-1.amazonaws.com/index.html,CC BY 4.0,https://creativecommons.org/licenses/by/4.0/,Outdoor & Garden,downscaled by dataset; no further edits
public/images/products/outdoor-garden-004.jpg,https://m.media-amazon.com/image/I/71wGRSlTrZL.jpg,Amazon.com,https://amazon-berkeley-objects.s3.us-east-1.amazonaws.com/index.html,CC BY 4.0,https://creativecommons.org/licenses/by/4.0/,Outdoor & Garden,downscaled by dataset; no further edits
public/images/products/outdoor-garden-005.jpg,https://m.media-amazon.com/image/I/51CKRcoCkiL.jpg,Amazon.com,https://amazon-berkeley-objects.s3.us-east-1.amazonaws.com/index.html,CC BY 4.0,https://creativecommons.org/licenses/by/4.0/,Outdoor & Garden,downscaled by dataset; no further edits
public/images/products/outdoor-garden-006.jpg,https://m.media-amazon.com/image/I/81hDd+JNnQL.jpg,Amazon.com,https://amazon-berkeley-objects.s3.us-east-1.amazonaws.com/index.html,CC BY 4.0,https://creativecommons.org/licenses/by/4.0/,Outdoor & Garden,downscaled by dataset; no further edits
public/images/products/outdoor-garden-007.jpg,https://m.media-amazon.com/image/I/51rBdEaB2JL.jpg,Amazon.com,https://amazon-berkeley-objects.s3.us-east-1.amazonaws.com/index.html,CC BY 4.0,https://creativecommons.org/licenses/by/4.0/,Outdoor & Garden,downscaled by dataset; no further edits
public/images/products/outdoor-garden-008.jpg,https://m.media-amazon.com/image/I/81LGT+i9j2L.jpg,Amazon.com,https://amazon-berkeley-objects.s3.us-east-1.amazonaws.com/index.html,CC BY 4.0,https://creativecommons.org/licenses/by/4.0/,Outdoor & Garden,downscaled by dataset; no further edits
public/images/products/outdoor-garden-009.jpg,https://m.media-amazon.com/image/I/81zDogYRPxL.jpg,Amazon.com,https://amazon-berkeley-objects.s3.us-east-1.amazonaws.com/index.html,CC BY 4.0,https://creativecommons.org/licenses/by/4.0/,Outdoor & Garden,downscaled by dataset; no further edits
public/images/products/outdoor-garden-010.jpg,https://m.media-amazon.com/image/I/71MNbLpqziL.jpg,Amazon.com,https://amazon-berkeley-objects.s3.us-east-1.amazonaws.com/index.html,CC BY 4.0,https://creativecommons.org/licenses/by/4.0/,Outdoor & Garden,downscaled by dataset; no further edits
public/images/products/outdoor-garden-011.jpg,https://m.media-amazon.com/image/I/81e8Gogvy7L.jpg,Amazon.com,https://amazon-berkeley-objects.s3.us-east-1.amazonaws.com/index.html,CC BY 4.0,https://creativecommons.org/licenses/by/4.0/,Outdoor & Garden,downscaled by dataset; no further edits
public/images/products/outdoor-garden-012.jpg,https://m.media-amazon.com/image/I/61yVPZzGDXL.jpg,Amazon.com,https://amazon-berkeley-objects.s3.us-east-1.amazonaws.com/index.html,CC BY 4.0,https://creativecommons.org/licenses/by/4.0/,Outdoor & Garden,downscaled by dataset; no further edits
public/images/products/outdoor-garden-013.jpg,https://m.media-amazon.com/image/I/51RAyu7J28L.jpg,Amazon.com,https://amazon-berkeley-objects.s3.us-east-1.amazonaws.com/index.html,CC BY 4.0,https://creativecommons.org/licenses/by/4.0/,Outdoor & Garden,downscaled by dataset; no further edits
public/images/products/outdoor-garden-014.jpg,https://m.media-amazon.com/image/I/81xkD0ZQYaL.jpg,Amazon.com,https://amazon-berkeley-objects.s3.us-east-1.amazonaws.com/index.html,CC BY 4.0,https://creativecommons.org/licenses/by/4.0/,Outdoor & Garden,downscaled by dataset; no further edits
public/images/products/outdoor-garden-015.jpg,https://m.media-amazon.com/image/I/814m0TFYhGL.jpg,Amazon.com,https://amazon-berkeley-objects.s3.us-east-1.amazonaws.com/index.html,CC BY 4.0,https://creativecommons.org/licenses/by/4.0/,Outdoor & Garden,downscaled by dataset; no further edits
public/images/products/outdoor-garden-016.jpg,https://m.media-amazon.com/image/I/81dQsugDlEL.jpg,Amazon.com,https://amazon-berkeley-objects.s3.us-east-1.amazonaws.com/index.html,CC BY 4.0,https://creativecommons.org/licenses/by/4.0/,Outdoor & Garden,downscaled by dataset; no further edits
public/images/products/outdoor-garden-017.jpg,https://m.media-amazon.com/image/I/818bLa6UxpL.jpg,Amazon.com,https://amazon-berkeley-objects.s3.us-east-1.amazonaws.com/index.html,CC BY 4.0,https://creativecommons.org/licenses/by/4.0/,Outdoor & Garden,downscaled by dataset; no further edits
public/images/products/outdoor-garden-018.jpg,https://m.media-amazon.com/image/I/81GfrSuNV7L.jpg,Amazon.com,https://amazon-berkeley-objects.s3.us-east-1.amazonaws.com/index.html,CC BY 4.0,https://creativecommons.org/licenses/by/4.0/,Outdoor & Garden,downscaled by dataset; no further edits
public/images/products/outdoor-garden-019.jpg,https://m.media-amazon.com/image/I/81v5Or8gCEL.jpg,Amazon.com,https://amazon-berkeley-objects.s3.us-east-1.amazonaws.com/index.html,CC BY 4.0,https://creativecommons.org/licenses/by/4.0/,Outdoor & Garden,downscaled by dataset; no further edits
public/images/products/outdoor-garden-020.jpg,https://m.media-amazon.com/image/I/81uBcGA6i9L.jpg,Amazon.com,https://amazon-berkeley-objects.s3.us-east-1.amazonaws.com/index.html,CC BY 4.0,https://creativecommons.org/licenses/by/4.0/,Outdoor & Garden,downscaled by dataset; no further edits
public/images/products/outdoor-garden-021.jpg,https://m.media-amazon.com/image/I/616Rty3OOpL.jpg,Amazon.com,https://amazon-berkeley-objects.s3.us-east-1.amazonaws.com/index.html,CC BY 4.0,https://creativecommons.org/licenses/by/4.0/,Outdoor & Garden,downscaled by dataset; no further edits
public/images/products/outdoor-garden-022.jpg,https://m.media-amazon.com/image/I/A1F-eYb6IPL.jpg,Amazon.com,https://amazon-berkeley-objects.s3.us-east-1.amazonaws.com/index.html,CC BY 4.0,https://creativecommons.org/licenses/by/4.0/,Outdoor & Garden,downscaled by dataset; no further edits
public/images/products/outdoor-garden-023.jpg,https://m.media-amazon.com/image/I/615dQVbDEaL.jpg,Amazon.com,https://amazon-berkeley-objects.s3.us-east-1.amazonaws.com/index.html,CC BY 4.0,https://creativecommons.org/licenses/by/4.0/,Outdoor & Garden,downscaled by dataset; no further edits
public/images/products/outdoor-garden-024.jpg,https://m.media-amazon.com/image/I/71NWZPIdX-L.jpg,Amazon.com,https://amazon-berkeley-objects.s3.us-east-1.amazonaws.com/index.html,CC BY 4.0,https://creativecommons.org/licenses/by/4.0/,Outdoor & Garden,downscaled by dataset; no further edits
public/images/products/outdoor-garden-025.jpg,https://m.media-amazon.com/image/I/A1hGFXdq5wL.jpg,Amazon.com,https://amazon-berkeley-objects.s3.us-east-1.amazonaws.com/index.html,CC BY 4.0,https://creativecommons.org/licenses/by/4.0/,Outdoor & Garden,downscaled by dataset; no further edits
public/images/products/outdoor-garden-026.jpg,https://m.media-amazon.com/image/I/A19wWVI2+IL.jpg,Amazon.com,https://amazon-berkeley-objects.s3.us-east-1.amazonaws.com/index.html,CC BY 4.0,https://creativecommons.org/licenses/by/4.0/,Outdoor & Garden,downscaled by dataset; no further edits
public/images/products/outdoor-garden-027.jpg,https://m.media-amazon.com/image/I/61awdgkQJFL.jpg,Amazon.com,https://amazon-berkeley-objects.s3.us-east-1.amazonaws.com/index.html,CC BY 4.0,https://creativecommons.org/licenses/by/4.0/,Outdoor & Garden,downscaled by dataset; no further edits
public/images/products/outdoor-garden-028.jpg,https://m.media-amazon.com/image/I/91GqUaGQhkL.jpg,Amazon.com,https://amazon-berkeley-objects.s3.us-east-1.amazonaws.com/index.html,CC BY 4.0,https://creativecommons.org/licenses/by/4.0/,Outdoor & Garden,downscaled by dataset; no further edits
public/images/products/outdoor-garden-029.jpg,https://m.media-amazon.com/image/I/81yhY73AZkL.jpg,Amazon.com,https://amazon-berkeley-objects.s3.us-east-1.amazonaws.com/index.html,CC BY 4.0,https://creativecommons.org/licenses/by/4.0/,Outdoor & Garden,downscaled by dataset; no further edits
public/images/products/outdoor-garden-030.jpg,https://m.media-amazon.com/image/I/61rahBPqq1L.jpg,Amazon.com,https://amazon-berkeley-objects.s3.us-east-1.amazonaws.com/index.html,CC BY 4.0,https://creativecommons.org/licenses/by/4.0/,Outdoor & Garden,downscaled by dataset; no further edits
public/images/products/outdoor-garden-031.jpg,https://m.media-amazon.com/image/I/61n10-XBHHL.jpg,Amazon.com,https://amazon-berkeley-objects.s3.us-east-1.amazonaws.com/index.html,CC BY 4.0,https://creativecommons.org/licenses/by/4.0/,Outdoor & Garden,downscaled by dataset; no further edits
public/images/products/outdoor-garden-032.jpg,https://m.media-amazon.com/image/I/81X7wWFdwXS.jpg,Amazon.com,https://amazon-berkeley-objects.s3.us-east-1.amazonaws.com/index.html,CC BY 4.0,https://creativecommons.org/licenses/by/4.0/,Outdoor & Garden,downscaled by dataset; no further edits
public/images/products/outdoor-garden-033.jpg,https://m.media-amazon.com/image/I/81zrc3j9NGL.jpg,Amazon.com,https://amazon-berkeley-objects.s3.us-east-1.amazonaws.com/index.html,CC BY 4.0,https://creativecommons.org/licenses/by/4.0/,Outdoor & Garden,downscaled by dataset; no further edits
public/images/products/outdoor-garden-034.jpg,https://m.media-amazon.com/image/I/51mSu+KstRL.jpg,Amazon.com,https://amazon-berkeley-objects.s3.us-east-1.amazonaws.com/index.html,CC BY 4.0,https://creativecommons.org/licenses/by/4.0/,Outdoor & Garden,downscaled by dataset; no further edits
public/images/products/outdoor-garden-035.jpg,https://m.media-amazon.com/image/I/91GYFw1hjgS.jpg,Amazon.com,https://amazon-berkeley-objects.s3.us-east-1.amazonaws.com/index.html,CC BY 4.0,https://creativecommons.org/licenses/by/4.0/,Outdoor & Garden,downscaled by dataset; no further edits
public/images/products/outdoor-garden-036.jpg,https://m.media-amazon.com/image/I/81aDUgD+0OL.jpg,Amazon.com,https://amazon-berkeley-objects.s3.us-east-1.amazonaws.com/index.html,CC BY 4.0,https://creativecommons.org/licenses/by/4.0/,Outdoor & Garden,downscaled by dataset; no further edits
public/images/products/outdoor-garden-037.jpg,https://m.media-amazon.com/image/I/619o9V7zZ5L.jpg,Amazon.com,https://amazon-berkeley-objects.s3.us-east-1.amazonaws.com/index.html,CC BY 4.0,https://creativecommons.org/licenses/by/4.0/,Outdoor & Garden,downscaled by dataset; no further edits
public/images/products/outdoor-garden-038.jpg,https://m.media-amazon.com/image/I/710H2Alr7QL.jpg,Amazon.com,https://amazon-berkeley-objects.s3.us-east-1.amazonaws.com/index.html,CC BY 4.0,https://creativecommons.org/licenses/by/4.0/,Outdoor & Garden,downscaled by dataset; no further edits
public/images/products/outdoor-garden-039.jpg,https://m.media-amazon.com/image/I/71cun-e5BbL.jpg,Amazon.com,https://amazon-berkeley-objects.s3.us-east-1.amazonaws.com/index.html,CC BY 4.0,https://creativecommons.org/licenses/by/4.0/,Outdoor & Garden,downscaled by dataset; no further edits
public/images/products/outdoor-garden-040.jpg,https://m.media-amazon.com/image/I/81uKRs4WepL.jpg,Amazon.com,https://amazon-berkeley-objects.s3.us-east-1.amazonaws.com/index.html,CC BY 4.0,https://creativecommons.org/licenses/by/4.0/,Outdoor & Garden,downscaled by dataset; no further edits
public/images/products/outdoor-garden-041.jpg,https://m.media-amazon.com/image/I/719I4nXKr6L.jpg,Amazon.com,https://amazon-berkeley-objects.s3.us-east-1.amazonaws.com/index.html,CC BY 4.0,https://creativecommons.org/licenses/by/4.0/,Outdoor & Garden,downscaled by dataset; no further edits
public/images/products/outdoor-garden-042.jpg,https://m.media-amazon.com/image/I/31bbaEHrvoL.jpg,Amazon.com,https://amazon-berkeley-objects.s3.us-east-1.amazonaws.com/index.html,CC BY 4.0,https://creativecommons.org/licenses/by/4.0/,Outdoor & Garden,downscaled by dataset; no further edits
public/images/products/outdoor-garden-043.jpg,https://m.media-amazon.com/image/I/8186xfnnlyL.jpg,Amazon.com,https://amazon-berkeley-objects.s3.us-east-1.amazonaws.com/index.html,CC BY 4.0,https://creativecommons.org/licenses/by/4.0/,Outdoor & Garden,downscaled by dataset; no further edits
public/images/products/outdoor-garden-044.jpg,https://m.media-amazon.com/image/I/71Tbhs-F6wL.jpg,Amazon.com,https://amazon-berkeley-objects.s3.us-east-1.amazonaws.com/index.html,CC BY 4.0,https://creativecommons.org/licenses/by/4.0/,Outdoor & Garden,downscaled by dataset; no further edits
public/images/products/outdoor-garden-045.jpg,https://m.media-amazon.com/image/I/91f0l3QJ-IL.jpg,Amazon.com,https://amazon-berkeley-objects.s3.us-east-1.amazonaws.com/index.html,CC BY 4.0,https://creativecommons.org/licenses/by/4.0/,Outdoor & Garden,downscaled by dataset; no further edits
public/images/products/outdoor-garden-046.jpg,https://m.media-amazon.com/image/I/81ZnSc2RU3L.jpg,Amazon.com,https://amazon-berkeley-objects.s3.us-east-1.amazonaws.com/index.html,CC BY 4.0,https://creativecommons.org/licenses/by/4.0/,Outdoor & Garden,downscaled by dataset; no further edits
public/images/products/outdoor-garden-047.jpg,https://m.media-amazon.com/image/I/91ibnoXe1BL.jpg,Amazon.com,https://amazon-berkeley-objects.s3.us-east-1.amazonaws.com/index.html,CC BY 4.0,https://creativecommons.org/licenses/by/4.0/,Outdoor & Garden,downscaled by dataset; no further edits
public/images/products/outdoor-garden-048.jpg,https://m.media-amazon.com/image/I/71xWXCrMTcL.jpg,Amazon.com,https://amazon-berkeley-objects.s3.us-east-1.amazonaws.com/index.html,CC BY 4.0,https://creativecommons.org/licenses/by/4.0/,Outdoor & Garden,downscaled by dataset; no further edits
public/images/products/outdoor-garden-049.jpg,https://m.media-amazon.com/image/I/71n7mVutGcL.jpg,Amazon.com,https://amazon-berkeley-objects.s3.us-east-1.amazonaws.com/index.html,CC BY 4.0,https://creativecommons.org/licenses/by/4.0/,Outdoor & Garden,downscaled by dataset; no further edits
public/images/products/outdoor-garden-050.jpg,https://m.media-amazon.com/image/I/71X8NzzdLHL.jpg,Amazon.com,https://amazon-berkeley-objects.s3.us-east-1.amazonaws.com/index.html,CC BY 4.0,https://creativecommons.org/licenses/by/4.0/,Outdoor & Garden,downscaled by dataset; no further edits
public/images/products/outdoor-garden-051.jpg,https://m.media-amazon.com/image/I/41uR6lto3eL.jpg,Amazon.com,https://amazon-berkeley-objects.s3.us-east-1.amazonaws.com/index.html,CC BY 4.0,https://creativecommons.org/licenses/by/4.0/,Outdoor & Garden,downscaled by dataset; no further edits
public/images/products/outdoor-garden-052.jpg,https://m.media-amazon.com/image/I/612ea+KoUZL.jpg,Amazon.com,https://amazon-berkeley-objects.s3.us-east-1.amazonaws.com/index.html,CC BY 4.0,https://creativecommons.org/licenses/by/4.0/,Outdoor & Garden,downscaled by dataset; no further edits
public/images/products/outdoor-garden-053.jpg,https://m.media-amazon.com/image/I/91z1gvJcLjL.jpg,Amazon.com,https://amazon-berkeley-objects.s3.us-east-1.amazonaws.com/index.html,CC BY 4.0,https://creativecommons.org/licenses/by/4.0/,Outdoor & Garden,downscaled by dataset; no further edits
public/images/products/outdoor-garden-054.jpg,https://m.media-amazon.com/image/I/61G0PZT42hL.jpg,Amazon.com,https://amazon-berkeley-objects.s3.us-east-1.amazonaws.com/index.html,CC BY 4.0,https://creativecommons.org/licenses/by/4.0/,Outdoor & Garden,downscaled by dataset; no further edits
public/images/products/outdoor-garden-055.jpg,https://m.media-amazon.com/image/I/81fwq23HOmL.jpg,Amazon.com,https://amazon-berkeley-objects.s3.us-east-1.amazonaws.com/index.html,CC BY 4.0,https://creativecommons.org/licenses/by/4.0/,Outdoor & Garden,downscaled by dataset; no further edits
public/images/products/outdoor-garden-056.jpg,https://m.media-amazon.com/image/I/71DIKP-DMfL.jpg,Amazon.com,https://amazon-berkeley-objects.s3.us-east-1.amazonaws.com/index.html,CC BY 4.0,https://creativecommons.org/licenses/by/4.0/,Outdoor & Garden,downscaled by dataset; no further edits
public/images/products/outdoor-garden-057.jpg,https://m.media-amazon.com/image/I/A1U6U-Sh3CL.jpg,Amazon.com,https://amazon-berkeley-objects.s3.us-east-1.amazonaws.com/index.html,CC BY 4.0,https://creativecommons.org/licenses/by/4.0/,Outdoor & Garden,downscaled by dataset; no further edits
public/images/products/outdoor-garden-058.jpg,https://m.media-amazon.com/image/I/71rRfLAfjFL.jpg,Amazon.com,https://amazon-berkeley-objects.s3.us-east-1.amazonaws.com/index.html,CC BY 4.0,https://creativecommons.org/licenses/by/4.0/,Outdoor & Garden,downscaled by dataset; no further edits
public/images/products/outdoor-garden-059.jpg,https://m.media-amazon.com/image/I/91y0cXfHGCL.jpg,Amazon.com,https://amazon-berkeley-objects.s3.us-east-1.amazonaws.com/index.html,CC BY 4.0,https://creativecommons.org/licenses/by/4.0/,Outdoor & Garden,downscaled by dataset; no further edits
public/images/products/outdoor-garden-060.jpg,https://m.media-amazon.com/image/I/61b-98gE7+L.jpg,Amazon.com,https://amazon-berkeley-objects.s3.us-east-1.amazonaws.com/index.html,CC BY 4.0,https://creativecommons.org/licenses/by/4.0/,Outdoor & Garden,downscaled by dataset; no further edits
public/images/products/outdoor-garden-061.jpg,https://m.media-amazon.com/image/I/91PFQDt7WwL.jpg,Amazon.com,https://amazon-berkeley-objects.s3.us-east-1.amazonaws.com/index.html,CC BY 4.0,https://creativecommons.org/licenses/by/4.0/,Outdoor & Garden,downscaled by dataset; no further edits
public/images/products/outdoor-garden-062.jpg,https://m.media-amazon.com/image/I/71IO6HIj3nL.jpg,Amazon.com,https://amazon-berkeley-objects.s3.us-east-1.amazonaws.com/index.html,CC BY 4.0,https://creativecommons.org/licenses/by/4.0/,Outdoor & Garden,downscaled by dataset; no further edits
public/images/products/outdoor-garden-063.jpg,https://m.media-amazon.com/image/I/A1S+0MpeECL.jpg,Amazon.com,https://amazon-berkeley-objects.s3.us-east-1.amazonaws.com/index.html,CC BY 4.0,https://creativecommons.org/licenses/by/4.0/,Outdoor & Garden,downscaled by dataset; no further edits
public/images/products/outdoor-garden-064.jpg,https://m.media-amazon.com/image/I/916C0wu++1L.jpg,Amazon.com,https://amazon-berkeley-objects.s3.us-east-1.amazonaws.com/index.html,CC BY 4.0,https://creativecommons.org/licenses/by/4.0/,Outdoor & Garden,downscaled by dataset; no further edits
public/images/products/outdoor-garden-065.jpg,https://m.media-amazon.com/image/I/71Rn2jlDkhL.jpg,Amazon.com,https://amazon-berkeley-objects.s3.us-east-1.amazonaws.com/index.html,CC BY 4.0,https://creativecommons.org/licenses/by/4.0/,Outdoor & Garden,downscaled by dataset; no further edits
public/images/products/outdoor-garden-066.jpg,https://m.media-amazon.com/image/I/31pSn24BGjL.jpg,Amazon.com,https://amazon-berkeley-objects.s3.us-east-1.amazonaws.com/index.html,CC BY 4.0,https://creativecommons.org/licenses/by/4.0/,Outdoor & Garden,downscaled by dataset; no further edits
public/images/products/outdoor-garden-067.jpg,https://m.media-amazon.com/image/I/71k2vSalnrL.jpg,Amazon.com,https://amazon-berkeley-objects.s3.us-east-1.amazonaws.com/index.html,CC BY 4.0,https://creativecommons.org/licenses/by/4.0/,Outdoor & Garden,downscaled by dataset; no further edits
public/images/products/outdoor-garden-068.jpg,https://m.media-amazon.com/image/I/81R2hgplGsL.jpg,Amazon.com,https://amazon-berkeley-objects.s3.us-east-1.amazonaws.com/index.html,CC BY 4.0,https://creativecommons.org/licenses/by/4.0/,Outdoor & Garden,downscaled by dataset; no further edits
public/images/products/outdoor-garden-069.jpg,https://m.media-amazon.com/image/I/A1YnjFoq4tL.jpg,Amazon.com,https://amazon-berkeley-objects.s3.us-east-1.amazonaws.com/index.html,CC BY 4.0,https://creativecommons.org/licenses/by/4.0/,Outdoor & Garden,downscaled by dataset; no further edits
public/images/products/outdoor-garden-070.jpg,https://m.media-amazon.com/image/I/71CMRh4rwKS.jpg,Amazon.com,https://amazon-berkeley-objects.s3.us-east-1.amazonaws.com/index.html,CC BY 4.0,https://creativecommons.org/licenses/by/4.0/,Outdoor & Garden,downscaled by dataset; no further edits
public/images/products/outdoor-garden-071.jpg,https://m.media-amazon.com/image/I/91h8pe6MRKL.jpg,Amazon.com,https://amazon-berkeley-objects.s3.us-east-1.amazonaws.com/index.html,CC BY 4.0,https://creativecommons.org/licenses/by/4.0/,Outdoor & Garden,downscaled by dataset; no further edits
public/images/products/outdoor-garden-072.jpg,https://m.media-amazon.com/image/I/81D8xMMjTqL.jpg,Amazon.com,https://amazon-berkeley-objects.s3.us-east-1.amazonaws.com/index.html,CC BY 4.0,https://creativecommons.org/licenses/by/4.0/,Outdoor & Garden,downscaled by dataset; no further edits
public/images/products/outdoor-garden-073.jpg,https://m.media-amazon.com/image/I/613QHPJVXJL.jpg,Amazon.com,https://amazon-berkeley-objects.s3.us-east-1.amazonaws.com/index.html,CC BY 4.0,https://creativecommons.org/licenses/by/4.0/,Outdoor & Garden,downscaled by dataset; no further edits
public/images/products/outdoor-garden-074.jpg,https://m.media-amazon.com/image/I/A1W5OMF345L.jpg,Amazon.com,https://amazon-berkeley-objects.s3.us-east-1.amazonaws.com/index.html,CC BY 4.0,https://creativecommons.org/licenses/by/4.0/,Outdoor & Garden,downscaled by dataset; no further edits
public/images/products/outdoor-garden-075.jpg,https://m.media-amazon.com/image/I/91dycjLaR5L.jpg,Amazon.com,https://amazon-berkeley-objects.s3.us-east-1.amazonaws.com/index.html,CC BY 4.0,https://creativecommons.org/licenses/by/4.0/,Outdoor & Garden,downscaled by dataset; no further edits
public/images/products/outdoor-garden-076.jpg,https://m.media-amazon.com/image/I/91DT5eh12uL.jpg,Amazon.com,https://amazon-berkeley-objects.s3.us-east-1.amazonaws.com/index.html,CC BY 4.0,https://creativecommons.org/licenses/by/4.0/,Outdoor & Garden,downscaled by dataset; no further edits
public/images/products/outdoor-garden-077.jpg,https://m.media-amazon.com/image/I/81rv5VGklWL.jpg,Amazon.com,https://amazon-berkeley-objects.s3.us-east-1.amazonaws.com/index.html,CC BY 4.0,https://creativecommons.org/licenses/by/4.0/,Outdoor & Garden,downscaled by dataset; no further edits
public/images/products/outdoor-garden-078.jpg,https://m.media-amazon.com/image/I/71UuyB0kR1L.jpg,Amazon.com,https://amazon-berkeley-objects.s3.us-east-1.amazonaws.com/index.html,CC BY 4.0,https://creativecommons.org/licenses/by/4.0/,Outdoor & Garden,downscaled by dataset; no further edits
public/images/products/outdoor-garden-079.jpg,https://m.media-amazon.com/image/I/81rCRzd7OKL.jpg,Amazon.com,https://amazon-berkeley-objects.s3.us-east-1.amazonaws.com/index.html,CC BY 4.0,https://creativecommons.org/licenses/by/4.0/,Outdoor & Garden,downscaled by dataset; no further edits
public/images/products/outdoor-garden-080.jpg,https://m.media-amazon.com/image/I/410N3XWTVEL.jpg,Amazon.com,https://amazon-berkeley-objects.s3.us-east-1.amazonaws.com/index.html,CC BY 4.0,https://creativecommons.org/licenses/by/4.0/,Outdoor & Garden,downscaled by dataset; no further edits
public/images/products/outdoor-garden-081.jpg,https://m.media-amazon.com/image/I/81ym41xLFAL.jpg,Amazon.com,https://amazon-berkeley-objects.s3.us-east-1.amazonaws.com/index.html,CC BY 4.0,https://creativecommons.org/licenses/by/4.0/,Outdoor & Garden,downscaled by dataset; no further edits
public/images/products/outdoor-garden-082.jpg,https://m.media-amazon.com/image/I/61LX8Zkv3pL.jpg,Amazon.com,https://amazon-berkeley-objects.s3.us-east-1.amazonaws.com/index.html,CC BY 4.0,https://creativecommons.org/licenses/by/4.0/,Outdoor & Garden,downscaled by dataset; no further edits
public/images/products/outdoor-garden-083.jpg,https://m.media-amazon.com/image/I/512hAEC4L5L.jpg,Amazon.com,https://amazon-berkeley-objects.s3.us-east-1.amazonaws.com/index.html,CC BY 4.0,https://creativecommons.org/licenses/by/4.0/,Outdoor & Garden,downscaled by dataset; no further edits
public/images/products/outdoor-garden-084.jpg,https://m.media-amazon.com/image/I/61RNbibyvOL.jpg,Amazon.com,https://amazon-berkeley-objects.s3.us-east-1.amazonaws.com/index.html,CC BY 4.0,https://creativecommons.org/licenses/by/4.0/,Outdoor & Garden,downscaled by dataset; no further edits
public/images/products/outdoor-garden-085.jpg,https://m.media-amazon.com/image/I/71H1MYo+UPL.jpg,Amazon.com,https://amazon-berkeley-objects.s3.us-east-1.amazonaws.com/index.html,CC BY 4.0,https://creativecommons.org/licenses/by/4.0/,Outdoor & Garden,downscaled by dataset; no further edits
public/images/products/outdoor-garden-086.jpg,https://m.media-amazon.com/image/I/91fP+8+rZ2L.jpg,Amazon.com,https://amazon-berkeley-objects.s3.us-east-1.amazonaws.com/index.html,CC BY 4.0,https://creativecommons.org/licenses/by/4.0/,Outdoor & Garden,downscaled by dataset; no further edits
public/images/products/outdoor-garden-087.jpg,https://m.media-amazon.com/image/I/814Bad9NnjL.jpg,Amazon.com,https://amazon-berkeley-objects.s3.us-east-1.amazonaws.com/index.html,CC BY 4.0,https://creativecommons.org/licenses/by/4.0/,Outdoor & Garden,downscaled by dataset; no further edits
public/images/products/outdoor-garden-088.jpg,https://m.media-amazon.com/image/I/71puq8p1M7L.jpg,Amazon.com,https://amazon-berkeley-objects.s3.us-east-1.amazonaws.com/index.html,CC BY 4.0,https://creativecommons.org/licenses/by/4.0/,Outdoor & Garden,downscaled by dataset; no further edits
public/images/products/outdoor-garden-089.jpg,https://m.media-amazon.com/image/I/71glQGmP8pL.jpg,Amazon.com,https://amazon-berkeley-objects.s3.us-east-1.amazonaws.com/index.html,CC BY 4.0,https://creativecommons.org/licenses/by/4.0/,Outdoor & Garden,downscaled by dataset; no further edits
public/images/products/outdoor-garden-090.jpg,https://m.media-amazon.com/image/I/71NWWZ8NjiL.jpg,Amazon.com,https://amazon-berkeley-objects.s3.us-east-1.amazonaws.com/index.html,CC BY 4.0,https://creativecommons.org/licenses/by/4.0/,Outdoor & Garden,downscaled by dataset; no further edits
public/images/products/outdoor-garden-091.jpg,https://m.media-amazon.com/image/I/61NhbWSyNxL.jpg,Amazon.com,https://amazon-berkeley-objects.s3.us-east-1.amazonaws.com/index.html,CC BY 4.0,https://creativecommons.org/licenses/by/4.0/,Outdoor & Garden,downscaled by dataset; no further edits
public/images/products/outdoor-garden-092.jpg,https://m.media-amazon.com/image/I/71WNR1NtCmL.jpg,Amazon.com,https://amazon-berkeley-objects.s3.us-east-1.amazonaws.com/index.html,CC BY 4.0,https://creativecommons.org/licenses/by/4.0/,Outdoor & Garden,downscaled by dataset; no further edits
public/images/products/outdoor-garden-093.jpg,https://m.media-amazon.com/image/I/71dRLC6ATZL.jpg,Amazon.com,https://amazon-berkeley-objects.s3.us-east-1.amazonaws.com/index.html,CC BY 4.0,https://creativecommons.org/licenses/by/4.0/,Outdoor & Garden,downscaled by dataset; no further edits
public/images/products/outdoor-garden-094.jpg,https://m.media-amazon.com/image/I/61Dg2InFyOL.jpg,Amazon.com,https://amazon-berkeley-objects.s3.us-east-1.amazonaws.com/index.html,CC BY 4.0,https://creativecommons.org/licenses/by/4.0/,Outdoor & Garden,downscaled by dataset; no further edits
public/images/products/outdoor-garden-095.jpg,https://m.media-amazon.com/image/I/71ivgBRIoiL.jpg,Amazon.com,https://amazon-berkeley-objects.s3.us-east-1.amazonaws.com/index.html,CC BY 4.0,https://creativecommons.org/licenses/by/4.0/,Outdoor & Garden,downscaled by dataset; no further edits
public/images/products/outdoor-garden-096.jpg,https://m.media-amazon.com/image/I/81dbLY8IN6L.jpg,Amazon.com,https://amazon-berkeley-objects.s3.us-east-1.amazonaws.com/index.html,CC BY 4.0,https://creativecommons.org/licenses/by/4.0/,Outdoor & Garden,downscaled by dataset; no further edits
public/images/products/outdoor-garden-097.jpg,https://m.media-amazon.com/image/I/41rdlA-HioL.jpg,Amazon.com,https://amazon-berkeley-objects.s3.us-east-1.amazonaws.com/index.html,CC BY 4.0,https://creativecommons.org/licenses/by/4.0/,Outdoor & Garden,downscaled by dataset; no further edits
public/images/products/outdoor-garden-098.jpg,https://m.media-amazon.com/image/I/61ew4aUyu1L.jpg,Amazon.com,https://amazon-berkeley-objects.s3.us-east-1.amazonaws.com/index.html,CC BY 4.0,https://creativecommons.org/licenses/by/4.0/,Outdoor & Garden,downscaled by dataset; no further edits
public/images/products/outdoor-garden-099.jpg,https://m.media-amazon.com/image/I/71T4IVkXOfL.jpg,Amazon.com,https://amazon-berkeley-objects.s3.us-east-1.amazonaws.com/index.html,CC BY 4.0,https://creativecommons.org/licenses/by/4.0/,Outdoor & Garden,downscaled by dataset; no further edits
public/images/products/outdoor-garden-100.jpg,https://m.media-amazon.com/image/I/71+JhQqT7FL.jpg,Amazon.com,https://amazon-berkeley-objects.s3.us-east-1.amazonaws.com/index.html,CC BY 4.0,https://creativecommons.org/licenses/by/4.0/,Outdoor & Garden,downscaled by dataset; no further edits
public/images/products/storage-organization-001.jpg,https://m.media-amazon.com/image/I/71ybM8tMMkL.jpg,Amazon.com,https://amazon-berkeley-objects.s3.us-east-1.amazonaws.com/index.html,CC BY 4.0,https://creativecommons.org/licenses/by/4.0/,Storage & Organization,downscaled by dataset; no further edits
public/images/products/storage-organization-002.jpg,https://m.media-amazon.com/image/I/81HZrdRuTVL.jpg,Amazon.com,https://amazon-berkeley-objects.s3.us-east-1.amazonaws.com/index.html,CC BY 4.0,https://creativecommons.org/licenses/by/4.0/,Storage & Organization,downscaled by dataset; no further edits
public/images/products/storage-organization-003.jpg,https://m.media-amazon.com/image/I/A1hj2HiRXML.jpg,Amazon.com,https://amazon-berkeley-objects.s3.us-east-1.amazonaws.com/index.html,CC BY 4.0,https://creativecommons.org/licenses/by/4.0/,Storage & Organization,downscaled by dataset; no further edits
public/images/products/storage-organization-004.jpg,https://m.media-amazon.com/image/I/A1wrvCJ2FcL.jpg,Amazon.com,https://amazon-berkeley-objects.s3.us-east-1.amazonaws.com/index.html,CC BY 4.0,https://creativecommons.org/licenses/by/4.0/,Storage & Organization,downscaled by dataset; no further edits
public/images/products/storage-organization-005.jpg,https://m.media-amazon.com/image/I/811StzZZiBL.jpg,Amazon.com,https://amazon-berkeley-objects.s3.us-east-1.amazonaws.com/index.html,CC BY 4.0,https://creativecommons.org/licenses/by/4.0/,Storage & Organization,downscaled by dataset; no further edits
public/images/products/storage-organization-006.jpg,https://m.media-amazon.com/image/I/71m7yCKFehL.jpg,Amazon.com,https://amazon-berkeley-objects.s3.us-east-1.amazonaws.com/index.html,CC BY 4.0,https://creativecommons.org/licenses/by/4.0/,Storage & Organization,downscaled by dataset; no further edits
public/images/products/storage-organization-007.jpg,https://m.media-amazon.com/image/I/51KkqoDtm8L.jpg,Amazon.com,https://amazon-berkeley-objects.s3.us-east-1.amazonaws.com/index.html,CC BY 4.0,https://creativecommons.org/licenses/by/4.0/,Storage & Organization,downscaled by dataset; no further edits
public/images/products/storage-organization-008.jpg,https://m.media-amazon.com/image/I/61nF5H4Fo3L.jpg,Amazon.com,https://amazon-berkeley-objects.s3.us-east-1.amazonaws.com/index.html,CC BY 4.0,https://creativecommons.org/licenses/by/4.0/,Storage & Organization,downscaled by dataset; no further edits
public/images/products/storage-organization-009.jpg,https://m.media-amazon.com/image/I/81rwdXvisnL.jpg,Amazon.com,https://amazon-berkeley-objects.s3.us-east-1.amazonaws.com/index.html,CC BY 4.0,https://creativecommons.org/licenses/by/4.0/,Storage & Organization,downscaled by dataset; no further edits
public/images/products/storage-organization-010.jpg,https://m.media-amazon.com/image/I/71HJ3NJuumL.jpg,Amazon.com,https://amazon-berkeley-objects.s3.us-east-1.amazonaws.com/index.html,CC BY 4.0,https://creativecommons.org/licenses/by/4.0/,Storage & Organization,downscaled by dataset; no further edits
public/images/products/storage-organization-011.jpg,https://m.media-amazon.com/image/I/61Gqk7JvJJL.jpg,Amazon.com,https://amazon-berkeley-objects.s3.us-east-1.amazonaws.com/index.html,CC BY 4.0,https://creativecommons.org/licenses/by/4.0/,Storage & Organization,downscaled by dataset; no further edits
public/images/products/storage-organization-012.jpg,https://m.media-amazon.com/image/I/81RwiuO5DsL.jpg,Amazon.com,https://amazon-berkeley-objects.s3.us-east-1.amazonaws.com/index.html,CC BY 4.0,https://creativecommons.org/licenses/by/4.0/,Storage & Organization,downscaled by dataset; no further edits
public/images/products/storage-organization-013.jpg,https://m.media-amazon.com/image/I/81q3TOs6ZpL.jpg,Amazon.com,https://amazon-berkeley-objects.s3.us-east-1.amazonaws.com/index.html,CC BY 4.0,https://creativecommons.org/licenses/by/4.0/,Storage & Organization,downscaled by dataset; no further edits
public/images/products/storage-organization-014.jpg,https://m.media-amazon.com/image/I/61vX-jkq-wL.jpg,Amazon.com,https://amazon-berkeley-objects.s3.us-east-1.amazonaws.com/index.html,CC BY 4.0,https://creativecommons.org/licenses/by/4.0/,Storage & Organization,downscaled by dataset; no further edits
public/images/products/storage-organization-015.jpg,https://m.media-amazon.com/image/I/61gdJEtk96L.jpg,Amazon.com,https://amazon-berkeley-objects.s3.us-east-1.amazonaws.com/index.html,CC BY 4.0,https://creativecommons.org/licenses/by/4.0/,Storage & Organization,downscaled by dataset; no further edits
public/images/products/storage-organization-016.jpg,https://m.media-amazon.com/image/I/91zcICEbtvL.jpg,Amazon.com,https://amazon-berkeley-objects.s3.us-east-1.amazonaws.com/index.html,CC BY 4.0,https://creativecommons.org/licenses/by/4.0/,Storage & Organization,downscaled by dataset; no further edits
public/images/products/storage-organization-017.jpg,https://m.media-amazon.com/image/I/A1IUIIfSRBL.jpg,Amazon.com,https://amazon-berkeley-objects.s3.us-east-1.amazonaws.com/index.html,CC BY 4.0,https://creativecommons.org/licenses/by/4.0/,Storage & Organization,downscaled by dataset; no further edits
public/images/products/storage-organization-018.jpg,https://m.media-amazon.com/image/I/91gLMaJilGL.jpg,Amazon.com,https://amazon-berkeley-objects.s3.us-east-1.amazonaws.com/index.html,CC BY 4.0,https://creativecommons.org/licenses/by/4.0/,Storage & Organization,downscaled by dataset; no further edits
public/images/products/storage-organization-019.jpg,https://m.media-amazon.com/image/I/815BTyMnjbL.jpg,Amazon.com,https://amazon-berkeley-objects.s3.us-east-1.amazonaws.com/index.html,CC BY 4.0,https://creativecommons.org/licenses/by/4.0/,Storage & Organization,downscaled by dataset; no further edits
public/images/products/storage-organization-020.jpg,https://m.media-amazon.com/image/I/71LbaEbV9hL.jpg,Amazon.com,https://amazon-berkeley-objects.s3.us-east-1.amazonaws.com/index.html,CC BY 4.0,https://creativecommons.org/licenses/by/4.0/,Storage & Organization,downscaled by dataset; no further edits
public/images/products/storage-organization-021.jpg,https://m.media-amazon.com/image/I/91cvXx2qywL.jpg,Amazon.com,https://amazon-berkeley-objects.s3.us-east-1.amazonaws.com/index.html,CC BY 4.0,https://creativecommons.org/licenses/by/4.0/,Storage & Organization,downscaled by dataset; no further edits
public/images/products/storage-organization-022.jpg,https://m.media-amazon.com/image/I/810NOXzpnML.jpg,Amazon.com,https://amazon-berkeley-objects.s3.us-east-1.amazonaws.com/index.html,CC BY 4.0,https://creativecommons.org/licenses/by/4.0/,Storage & Organization,downscaled by dataset; no further edits
public/images/products/storage-organization-023.jpg,https://m.media-amazon.com/image/I/61EHONUficL.jpg,Amazon.com,https://amazon-berkeley-objects.s3.us-east-1.amazonaws.com/index.html,CC BY 4.0,https://creativecommons.org/licenses/by/4.0/,Storage & Organization,downscaled by dataset; no further edits
public/images/products/storage-organization-024.jpg,https://m.media-amazon.com/image/I/61hvuMMLB0L.jpg,Amazon.com,https://amazon-berkeley-objects.s3.us-east-1.amazonaws.com/index.html,CC BY 4.0,https://creativecommons.org/licenses/by/4.0/,Storage & Organization,downscaled by dataset; no further edits
public/images/products/storage-organization-025.jpg,https://m.media-amazon.com/image/I/81x+NVc4xzL.jpg,Amazon.com,https://amazon-berkeley-objects.s3.us-east-1.amazonaws.com/index.html,CC BY 4.0,https://creativecommons.org/licenses/by/4.0/,Storage & Organization,downscaled by dataset; no further edits
public/images/products/storage-organization-026.jpg,https://m.media-amazon.com/image/I/81MPz-bmpVL.jpg,Amazon.com,https://amazon-berkeley-objects.s3.us-east-1.amazonaws.com/index.html,CC BY 4.0,https://creativecommons.org/licenses/by/4.0/,Storage & Organization,downscaled by dataset; no further edits
public/images/products/storage-organization-027.jpg,https://m.media-amazon.com/image/I/719xckzrI0L.jpg,Amazon.com,https://amazon-berkeley-objects.s3.us-east-1.amazonaws.com/index.html,CC BY 4.0,https://creativecommons.org/licenses/by/4.0/,Storage & Organization,downscaled by dataset; no further edits
public/images/products/storage-organization-028.jpg,https://m.media-amazon.com/image/I/71hAbg+LdpL.jpg,Amazon.com,https://amazon-berkeley-objects.s3.us-east-1.amazonaws.com/index.html,CC BY 4.0,https://creativecommons.org/licenses/by/4.0/,Storage & Organization,downscaled by dataset; no further edits
public/images/products/storage-organization-029.jpg,https://m.media-amazon.com/image/I/71yTKwkB-3L.jpg,Amazon.com,https://amazon-berkeley-objects.s3.us-east-1.amazonaws.com/index.html,CC BY 4.0,https://creativecommons.org/licenses/by/4.0/,Storage & Organization,downscaled by dataset; no further edits
public/images/products/storage-organization-030.jpg,https://m.media-amazon.com/image/I/71czzQjGsFL.jpg,Amazon.com,https://amazon-berkeley-objects.s3.us-east-1.amazonaws.com/index.html,CC BY 4.0,https://creativecommons.org/licenses/by/4.0/,Storage & Organization,downscaled by dataset; no further edits
public/images/products/storage-organization-031.jpg,https://m.media-amazon.com/image/I/71lTChv8ljL.jpg,Amazon.com,https://amazon-berkeley-objects.s3.us-east-1.amazonaws.com/index.html,CC BY 4.0,https://creativecommons.org/licenses/by/4.0/,Storage & Organization,downscaled by dataset; no further edits
public/images/products/storage-organization-032.jpg,https://m.media-amazon.com/image/I/81gle61vJpL.jpg,Amazon.com,https://amazon-berkeley-objects.s3.us-east-1.amazonaws.com/index.html,CC BY 4.0,https://creativecommons.org/licenses/by/4.0/,Storage & Organization,downscaled by dataset; no further edits
public/images/products/storage-organization-033.jpg,https://m.media-amazon.com/image/I/71V8vPkhHHL.jpg,Amazon.com,https://amazon-berkeley-objects.s3.us-east-1.amazonaws.com/index.html,CC BY 4.0,https://creativecommons.org/licenses/by/4.0/,Storage & Organization,downscaled by dataset; no further edits
public/images/products/storage-organization-034.jpg,https://m.media-amazon.com/image/I/81SltRG3FVL.jpg,Amazon.com,https://amazon-berkeley-objects.s3.us-east-1.amazonaws.com/index.html,CC BY 4.0,https://creativecommons.org/licenses/by/4.0/,Storage & Organization,downscaled by dataset; no further edits
public/images/products/storage-organization-035.jpg,https://m.media-amazon.com/image/I/919dFDDMjwL.jpg,Amazon.com,https://amazon-berkeley-objects.s3.us-east-1.amazonaws.com/index.html,CC BY 4.0,https://creativecommons.org/licenses/by/4.0/,Storage & Organization,downscaled by dataset; no further edits
public/images/products/storage-organization-036.jpg,https://m.media-amazon.com/image/I/81Sx8mTUR4L.jpg,Amazon.com,https://amazon-berkeley-objects.s3.us-east-1.amazonaws.com/index.html,CC BY 4.0,https://creativecommons.org/licenses/by/4.0/,Storage & Organization,downscaled by dataset; no further edits
public/images/products/storage-organization-037.jpg,https://m.media-amazon.com/image/I/A1yQawqJbyL.jpg,Amazon.com,https://amazon-berkeley-objects.s3.us-east-1.amazonaws.com/index.html,CC BY 4.0,https://creativecommons.org/licenses/by/4.0/,Storage & Organization,downscaled by dataset; no further edits
public/images/products/storage-organization-038.jpg,https://m.media-amazon.com/image/I/61gzNrrWbIL.jpg,Amazon.com,https://amazon-berkeley-objects.s3.us-east-1.amazonaws.com/index.html,CC BY 4.0,https://creativecommons.org/licenses/by/4.0/,Storage & Organization,downscaled by dataset; no further edits
public/images/products/storage-organization-039.jpg,https://m.media-amazon.com/image/I/81JuX6PM1EL.jpg,Amazon.com,https://amazon-berkeley-objects.s3.us-east-1.amazonaws.com/index.html,CC BY 4.0,https://creativecommons.org/licenses/by/4.0/,Storage & Organization,downscaled by dataset; no further edits
public/images/products/storage-organization-040.jpg,https://m.media-amazon.com/image/I/A169Mi1gE2L.jpg,Amazon.com,https://amazon-berkeley-objects.s3.us-east-1.amazonaws.com/index.html,CC BY 4.0,https://creativecommons.org/licenses/by/4.0/,Storage & Organization,downscaled by dataset; no further edits
public/images/products/storage-organization-041.jpg,https://m.media-amazon.com/image/I/91pKQyLIodL.jpg,Amazon.com,https://amazon-berkeley-objects.s3.us-east-1.amazonaws.com/index.html,CC BY 4.0,https://creativecommons.org/licenses/by/4.0/,Storage & Organization,downscaled by dataset; no further edits
public/images/products/storage-organization-042.jpg,https://m.media-amazon.com/image/I/91y1gEPaRqL.jpg,Amazon.com,https://amazon-berkeley-objects.s3.us-east-1.amazonaws.com/index.html,CC BY 4.0,https://creativecommons.org/licenses/by/4.0/,Storage & Organization,downscaled by dataset; no further edits
public/images/products/storage-organization-043.jpg,https://m.media-amazon.com/image/I/41UjHoH2cvL.jpg,Amazon.com,https://amazon-berkeley-objects.s3.us-east-1.amazonaws.com/index.html,CC BY 4.0,https://creativecommons.org/licenses/by/4.0/,Storage & Organization,downscaled by dataset; no further edits
public/images/products/storage-organization-044.jpg,https://m.media-amazon.com/image/I/A1db6N8tzWL.jpg,Amazon.com,https://amazon-berkeley-objects.s3.us-east-1.amazonaws.com/index.html,CC BY 4.0,https://creativecommons.org/licenses/by/4.0/,Storage & Organization,downscaled by dataset; no further edits
public/images/products/storage-organization-045.jpg,https://m.media-amazon.com/image/I/81rWEgnM0SL.jpg,Amazon.com,https://amazon-berkeley-objects.s3.us-east-1.amazonaws.com/index.html,CC BY 4.0,https://creativecommons.org/licenses/by/4.0/,Storage & Organization,downscaled by dataset; no further edits
public/images/products/storage-organization-046.jpg,https://m.media-amazon.com/image/I/A1erT5-aB7L.jpg,Amazon.com,https://amazon-berkeley-objects.s3.us-east-1.amazonaws.com/index.html,CC BY 4.0,https://creativecommons.org/licenses/by/4.0/,Storage & Organization,downscaled by dataset; no further edits
public/images/products/storage-organization-047.jpg,https://m.media-amazon.com/image/I/813Svcg30lL.jpg,Amazon.com,https://amazon-berkeley-objects.s3.us-east-1.amazonaws.com/index.html,CC BY 4.0,https://creativecommons.org/licenses/by/4.0/,Storage & Organization,downscaled by dataset; no further edits
public/images/products/storage-organization-048.jpg,https://m.media-amazon.com/image/I/71+3URWLaRL.jpg,Amazon.com,https://amazon-berkeley-objects.s3.us-east-1.amazonaws.com/index.html,CC BY 4.0,https://creativecommons.org/licenses/by/4.0/,Storage & Organization,downscaled by dataset; no further edits
public/images/products/storage-organization-049.jpg,https://m.media-amazon.com/image/I/71KkSACegaL.jpg,Amazon.com,https://amazon-berkeley-objects.s3.us-east-1.amazonaws.com/index.html,CC BY 4.0,https://creativecommons.org/licenses/by/4.0/,Storage & Organization,downscaled by dataset; no further edits
public/images/products/storage-organization-050.jpg,https://m.media-amazon.com/image/I/71IsOhzLqoL.jpg,Amazon.com,https://amazon-berkeley-objects.s3.us-east-1.amazonaws.com/index.html,CC BY 4.0,https://creativecommons.org/licenses/by/4.0/,Storage & Organization,downscaled by dataset; no further edits
public/images/products/storage-organization-051.jpg,https://m.media-amazon.com/image/I/71P-UUGAXUL.jpg,Amazon.com,https://amazon-berkeley-objects.s3.us-east-1.amazonaws.com/index.html,CC BY 4.0,https://creativecommons.org/licenses/by/4.0/,Storage & Organization,downscaled by dataset; no further edits
public/images/products/storage-organization-052.jpg,https://m.media-amazon.com/image/I/716PokWAq5L.jpg,Amazon.com,https://amazon-berkeley-objects.s3.us-east-1.amazonaws.com/index.html,CC BY 4.0,https://creativecommons.org/licenses/by/4.0/,Storage & Organization,downscaled by dataset; no further edits
public/images/products/storage-organization-053.jpg,https://m.media-amazon.com/image/I/81iC2zOtSTL.jpg,Amazon.com,https://amazon-berkeley-objects.s3.us-east-1.amazonaws.com/index.html,CC BY 4.0,https://creativecommons.org/licenses/by/4.0/,Storage & Organization,downscaled by dataset; no further edits
public/images/products/storage-organization-054.jpg,https://m.media-amazon.com/image/I/A1BWNXJ2qtL.jpg,Amazon.com,https://amazon-berkeley-objects.s3.us-east-1.amazonaws.com/index.html,CC BY 4.0,https://creativecommons.org/licenses/by/4.0/,Storage & Organization,downscaled by dataset; no further edits
public/images/products/storage-organization-055.jpg,https://m.media-amazon.com/image/I/61ZwU82N3aL.jpg,Amazon.com,https://amazon-berkeley-objects.s3.us-east-1.amazonaws.com/index.html,CC BY 4.0,https://creativecommons.org/licenses/by/4.0/,Storage & Organization,downscaled by dataset; no further edits
public/images/products/storage-organization-056.jpg,https://m.media-amazon.com/image/I/91AeO1AiXJL.jpg,Amazon.com,https://amazon-berkeley-objects.s3.us-east-1.amazonaws.com/index.html,CC BY 4.0,https://creativecommons.org/licenses/by/4.0/,Storage & Organization,downscaled by dataset; no further edits
public/images/products/storage-organization-057.jpg,https://m.media-amazon.com/image/I/71N9ljG-d3L.jpg,Amazon.com,https://amazon-berkeley-objects.s3.us-east-1.amazonaws.com/index.html,CC BY 4.0,https://creativecommons.org/licenses/by/4.0/,Storage & Organization,downscaled by dataset; no further edits
public/images/products/storage-organization-058.jpg,https://m.media-amazon.com/image/I/517auCaPzaL.jpg,Amazon.com,https://amazon-berkeley-objects.s3.us-east-1.amazonaws.com/index.html,CC BY 4.0,https://creativecommons.org/licenses/by/4.0/,Storage & Organization,downscaled by dataset; no further edits
public/images/products/storage-organization-059.jpg,https://m.media-amazon.com/image/I/715LSW7CBpL.jpg,Amazon.com,https://amazon-berkeley-objects.s3.us-east-1.amazonaws.com/index.html,CC BY 4.0,https://creativecommons.org/licenses/by/4.0/,Storage & Organization,downscaled by dataset; no further edits
public/images/products/storage-organization-060.jpg,https://m.media-amazon.com/image/I/A1-Snu8Z6kL.jpg,Amazon.com,https://amazon-berkeley-objects.s3.us-east-1.amazonaws.com/index.html,CC BY 4.0,https://creativecommons.org/licenses/by/4.0/,Storage & Organization,downscaled by dataset; no further edits
public/images/products/storage-organization-061.jpg,https://m.media-amazon.com/image/I/71b2cfbe1NL.jpg,Amazon.com,https://amazon-berkeley-objects.s3.us-east-1.amazonaws.com/index.html,CC BY 4.0,https://creativecommons.org/licenses/by/4.0/,Storage & Organization,downscaled by dataset; no further edits
public/images/products/storage-organization-062.jpg,https://m.media-amazon.com/image/I/71bV5KXo4DL.jpg,Amazon.com,https://amazon-berkeley-objects.s3.us-east-1.amazonaws.com/index.html,CC BY 4.0,https://creativecommons.org/licenses/by/4.0/,Storage & Organization,downscaled by dataset; no further edits
public/images/products/storage-organization-063.jpg,https://m.media-amazon.com/image/I/71gJOQI3L+L.jpg,Amazon.com,https://amazon-berkeley-objects.s3.us-east-1.amazonaws.com/index.html,CC BY 4.0,https://creativecommons.org/licenses/by/4.0/,Storage & Organization,downscaled by dataset; no further edits
public/images/products/storage-organization-064.jpg,https://m.media-amazon.com/image/I/81wGXDSsAHL.jpg,Amazon.com,https://amazon-berkeley-objects.s3.us-east-1.amazonaws.com/index.html,CC BY 4.0,https://creativecommons.org/licenses/by/4.0/,Storage & Organization,downscaled by dataset; no further edits
public/images/products/storage-organization-065.jpg,https://m.media-amazon.com/image/I/71PEXXPmHZL.jpg,Amazon.com,https://amazon-berkeley-objects.s3.us-east-1.amazonaws.com/index.html,CC BY 4.0,https://creativecommons.org/licenses/by/4.0/,Storage & Organization,downscaled by dataset; no further edits
public/images/products/storage-organization-066.jpg,https://m.media-amazon.com/image/I/91VZcbkyReL.jpg,Amazon.com,https://amazon-berkeley-objects.s3.us-east-1.amazonaws.com/index.html,CC BY 4.0,https://creativecommons.org/licenses/by/4.0/,Storage & Organization,downscaled by dataset; no further edits
public/images/products/storage-organization-067.jpg,https://m.media-amazon.com/image/I/71hcrTwFDOL.jpg,Amazon.com,https://amazon-berkeley-objects.s3.us-east-1.amazonaws.com/index.html,CC BY 4.0,https://creativecommons.org/licenses/by/4.0/,Storage & Organization,downscaled by dataset; no further edits
public/images/products/storage-organization-068.jpg,https://m.media-amazon.com/image/I/81ivjiFswRL.jpg,Amazon.com,https://amazon-berkeley-objects.s3.us-east-1.amazonaws.com/index.html,CC BY 4.0,https://creativecommons.org/licenses/by/4.0/,Storage & Organization,downscaled by dataset; no further edits
public/images/products/storage-organization-069.jpg,https://m.media-amazon.com/image/I/815yLg64ICL.jpg,Amazon.com,https://amazon-berkeley-objects.s3.us-east-1.amazonaws.com/index.html,CC BY 4.0,https://creativecommons.org/licenses/by/4.0/,Storage & Organization,downscaled by dataset; no further edits
public/images/products/storage-organization-070.jpg,https://m.media-amazon.com/image/I/81TKQV+q7RL.jpg,Amazon.com,https://amazon-berkeley-objects.s3.us-east-1.amazonaws.com/index.html,CC BY 4.0,https://creativecommons.org/licenses/by/4.0/,Storage & Organization,downscaled by dataset; no further edits
public/images/products/storage-organization-071.jpg,https://m.media-amazon.com/image/I/81hGuWhWCvL.jpg,Amazon.com,https://amazon-berkeley-objects.s3.us-east-1.amazonaws.com/index.html,CC BY 4.0,https://creativecommons.org/licenses/by/4.0/,Storage & Organization,downscaled by dataset; no further edits
public/images/products/storage-organization-072.jpg,https://m.media-amazon.com/image/I/818SW47XWoL.jpg,Amazon.com,https://amazon-berkeley-objects.s3.us-east-1.amazonaws.com/index.html,CC BY 4.0,https://creativecommons.org/licenses/by/4.0/,Storage & Organization,downscaled by dataset; no further edits
public/images/products/storage-organization-073.jpg,https://m.media-amazon.com/image/I/71hCrJjYMBL.jpg,Amazon.com,https://amazon-berkeley-objects.s3.us-east-1.amazonaws.com/index.html,CC BY 4.0,https://creativecommons.org/licenses/by/4.0/,Storage & Organization,downscaled by dataset; no further edits
public/images/products/storage-organization-074.jpg,https://m.media-amazon.com/image/I/A1ZxWn+l4LL.jpg,Amazon.com,https://amazon-berkeley-objects.s3.us-east-1.amazonaws.com/index.html,CC BY 4.0,https://creativecommons.org/licenses/by/4.0/,Storage & Organization,downscaled by dataset; no further edits
public/images/products/storage-organization-075.jpg,https://m.media-amazon.com/image/I/71gCJKlRznL.jpg,Amazon.com,https://amazon-berkeley-objects.s3.us-east-1.amazonaws.com/index.html,CC BY 4.0,https://creativecommons.org/licenses/by/4.0/,Storage & Organization,downscaled by dataset; no further edits
public/images/products/storage-organization-076.jpg,https://m.media-amazon.com/image/I/81aAoveM0+L.jpg,Amazon.com,https://amazon-berkeley-objects.s3.us-east-1.amazonaws.com/index.html,CC BY 4.0,https://creativecommons.org/licenses/by/4.0/,Storage & Organization,downscaled by dataset; no further edits
public/images/products/storage-organization-077.jpg,https://m.media-amazon.com/image/I/A16uUAXk47L.jpg,Amazon.com,https://amazon-berkeley-objects.s3.us-east-1.amazonaws.com/index.html,CC BY 4.0,https://creativecommons.org/licenses/by/4.0/,Storage & Organization,downscaled by dataset; no further edits
public/images/products/storage-organization-078.jpg,https://m.media-amazon.com/image/I/71o8XPsLPtL.jpg,Amazon.com,https://amazon-berkeley-objects.s3.us-east-1.amazonaws.com/index.html,CC BY 4.0,https://creativecommons.org/licenses/by/4.0/,Storage & Organization,downscaled by dataset; no further edits
public/images/products/storage-organization-079.jpg,https://m.media-amazon.com/image/I/816kBa6koQL.jpg,Amazon.com,https://amazon-berkeley-objects.s3.us-east-1.amazonaws.com/index.html,CC BY 4.0,https://creativecommons.org/licenses/by/4.0/,Storage & Organization,downscaled by dataset; no further edits
public/images/products/storage-organization-080.jpg,https://m.media-amazon.com/image/I/813SMhta08L.jpg,Amazon.com,https://amazon-berkeley-objects.s3.us-east-1.amazonaws.com/index.html,CC BY 4.0,https://creativecommons.org/licenses/by/4.0/,Storage & Organization,downscaled by dataset; no further edits
public/images/products/storage-organization-081.jpg,https://m.media-amazon.com/image/I/717PntCeOqL.jpg,Amazon.com,https://amazon-berkeley-objects.s3.us-east-1.amazonaws.com/index.html,CC BY 4.0,https://creativecommons.org/licenses/by/4.0/,Storage & Organization,downscaled by dataset; no further edits
public/images/products/storage-organization-082.jpg,https://m.media-amazon.com/image/I/71UlhFhZZqL.jpg,Amazon.com,https://amazon-berkeley-objects.s3.us-east-1.amazonaws.com/index.html,CC BY 4.0,https://creativecommons.org/licenses/by/4.0/,Storage & Organization,downscaled by dataset; no further edits
public/images/products/storage-organization-083.jpg,https://m.media-amazon.com/image/I/61-kqMRUHML.jpg,Amazon.com,https://amazon-berkeley-objects.s3.us-east-1.amazonaws.com/index.html,CC BY 4.0,https://creativecommons.org/licenses/by/4.0/,Storage & Organization,downscaled by dataset; no further edits
public/images/products/storage-organization-084.jpg,https://m.media-amazon.com/image/I/71tb9zg7YKL.jpg,Amazon.com,https://amazon-berkeley-objects.s3.us-east-1.amazonaws.com/index.html,CC BY 4.0,https://creativecommons.org/licenses/by/4.0/,Storage & Organization,downscaled by dataset; no further edits
public/images/products/storage-organization-085.jpg,https://m.media-amazon.com/image/I/91H+JhNA7HL.jpg,Amazon.com,https://amazon-berkeley-objects.s3.us-east-1.amazonaws.com/index.html,CC BY 4.0,https://creativecommons.org/licenses/by/4.0/,Storage & Organization,downscaled by dataset; no further edits
public/images/products/storage-organization-086.jpg,https://m.media-amazon.com/image/I/71g1gRB1JmL.jpg,Amazon.com,https://amazon-berkeley-objects.s3.us-east-1.amazonaws.com/index.html,CC BY 4.0,https://creativecommons.org/licenses/by/4.0/,Storage & Organization,downscaled by dataset; no further edits
public/images/products/storage-organization-087.jpg,https://m.media-amazon.com/image/I/81XbVPgghZL.jpg,Amazon.com,https://amazon-berkeley-objects.s3.us-east-1.amazonaws.com/index.html,CC BY 4.0,https://creativecommons.org/licenses/by/4.0/,Storage & Organization,downscaled by dataset; no further edits
public/images/products/storage-organization-088.jpg,https://m.media-amazon.com/image/I/51hVKFKyomL.jpg,Amazon.com,https://amazon-berkeley-objects.s3.us-east-1.amazonaws.com/index.html,CC BY 4.0,https://creativecommons.org/licenses/by/4.0/,Storage & Organization,downscaled by dataset; no further edits
public/images/products/storage-organization-089.jpg,https://m.media-amazon.com/image/I/61-4mtzAZQL.jpg,Amazon.com,https://amazon-berkeley-objects.s3.us-east-1.amazonaws.com/index.html,CC BY 4.0,https://creativecommons.org/licenses/by/4.0/,Storage & Organization,downscaled by dataset; no further edits
public/images/products/storage-organization-090.jpg,https://m.media-amazon.com/image/I/719ljC1MQ8L.jpg,Amazon.com,https://amazon-berkeley-objects.s3.us-east-1.amazonaws.com/index.html,CC BY 4.0,https://creativecommons.org/licenses/by/4.0/,Storage & Organization,downscaled by dataset; no further edits
public/images/products/storage-organization-091.jpg,https://m.media-amazon.com/image/I/71P1g5rjI1L.jpg,Amazon.com,https://amazon-berkeley-objects.s3.us-east-1.amazonaws.com/index.html,CC BY 4.0,https://creativecommons.org/licenses/by/4.0/,Storage & Organization,downscaled by dataset; no further edits
public/images/products/storage-organization-092.jpg,https://m.media-amazon.com/image/I/81xcAqEifwL.jpg,Amazon.com,https://amazon-berkeley-objects.s3.us-east-1.amazonaws.com/index.html,CC BY 4.0,https://creativecommons.org/licenses/by/4.0/,Storage & Organization,downscaled by dataset; no further edits
public/images/products/storage-organization-093.jpg,https://m.media-amazon.com/image/I/71S9WQnFspL.jpg,Amazon.com,https://amazon-berkeley-objects.s3.us-east-1.amazonaws.com/index.html,CC BY 4.0,https://creativecommons.org/licenses/by/4.0/,Storage & Organization,downscaled by dataset; no further edits
public/images/products/storage-organization-094.jpg,https://m.media-amazon.com/image/I/81KLp8NZ1sL.jpg,Amazon.com,https://amazon-berkeley-objects.s3.us-east-1.amazonaws.com/index.html,CC BY 4.0,https://creativecommons.org/licenses/by/4.0/,Storage & Organization,downscaled by dataset; no further edits
public/images/products/storage-organization-095.jpg,https://m.media-amazon.com/image/I/71qIZn1z15L.jpg,Amazon.com,https://amazon-berkeley-objects.s3.us-east-1.amazonaws.com/index.html,CC BY 4.0,https://creativecommons.org/licenses/by/4.0/,Storage & Organization,downscaled by dataset; no further edits
public/images/products/storage-organization-096.jpg,https://m.media-amazon.com/image/I/81s2Fhr7AML.jpg,Amazon.com,https://amazon-berkeley-objects.s3.us-east-1.amazonaws.com/index.html,CC BY 4.0,https://creativecommons.org/licenses/by/4.0/,Storage & Organization,downscaled by dataset; no further edits
public/images/products/storage-organization-097.jpg,https://m.media-amazon.com/image/I/718n1i0I3TL.jpg,Amazon.com,https://amazon-berkeley-objects.s3.us-east-1.amazonaws.com/index.html,CC BY 4.0,https://creativecommons.org/licenses/by/4.0/,Storage & Organization,downscaled by dataset; no further edits
public/images/products/storage-organization-098.jpg,https://m.media-amazon.com/image/I/91dYpLwizdL.jpg,Amazon.com,https://amazon-berkeley-objects.s3.us-east-1.amazonaws.com/index.html,CC BY 4.0,https://creativecommons.org/licenses/by/4.0/,Storage & Organization,downscaled by dataset; no further edits
public/images/products/storage-organization-099.jpg,https://m.media-amazon.com/image/I/711JE30YqLL.jpg,Amazon.com,https://amazon-berkeley-objects.s3.us-east-1.amazonaws.com/index.html,CC BY 4.0,https://creativecommons.org/licenses/by/4.0/,Storage & Organization,downscaled by dataset; no further edits
public/images/products/storage-organization-100.jpg,https://m.media-amazon.com/image/I/71+j7io2LwL.jpg,Amazon.com,https://amazon-berkeley-objects.s3.us-east-1.amazonaws.com/index.html,CC BY 4.0,https://creativecommons.org/licenses/by/4.0/,Storage & Organization,downscaled by dataset; no further edits
